1,3EV INDUSTRIES PVT LTD,0,109,62,34,0,70,10,0,0,30,50,25,390
2,3S INDUSTRIES PRIVATE LIMITED,3,5,1,1,3,3,12,11,6,10,6,7,68
3,A1 HEAVY EQUIPMENTS DEVELOPER,2,0,0,1,1,2,1,0,0,3,2,5,17
4,A3T INCORPORTED,0,1,2,1,0,2,2,1,0,0,0,0,9
5,AADHYA ENTERPRISES,0,4,6,14,23,30,57,71,80,66,93,73,517
6,AADITYA EMOTORS INDIA PVT LTD,0,0,1,0,0,0,0,0,0,0,0,0,1
7,AADITYA GARBAGE PRODUCTS PVT LTD,1,0,0,0,0,0,1,0,0,0,0,8,10
8,AAHANA COMMERCE PVT LTD,4,33,15,8,4,15,17,46,44,28,56,40,310
9,AARGEE ELECTRIC,0,0,8,1,2,2,0,0,0,0,0,0,13
10,AARON INDUSTRIES,0,0,0,0,0,0,0,0,0,0,3,38,41
11,A B EXCAVATORS & EARTHMOVERS PVT LTD,0,0,1,0,0,0,0,0,0,0,0,1,2
12,ACCRETION POWER AUTOS,53,40,24,34,28,42,71,73,65,58,57,63,608
13,ACTION CONSTRUCTION EQUIPMENT LTD.,610,551,806,723,700,721,644,569,546,496,658,638,"7,662"
14,A D AGRO WORKS,1,29,26,7,3,5,5,5,12,3,4,25,125
15,ADAPT MOTORS PVT LTD,0,0,0,1,0,0,0,0,0,0,0,2,3
16,ADICO ESCORTS AGRI EQUIPMENTS PVT. LTD.,68,56,87,104,91,149,213,171,187,361,144,106,"1,737"
17,ADIDEV TECHNOA PVT LTD,4,1,6,7,10,7,20,12,23,12,25,41,168
18,ADISHAKTI TRACTORS,23,15,15,32,14,14,12,23,58,49,48,24,327
19,ADISHWAR AUTO RIDE INDIA PVT LTD,170,151,192,139,120,134,113,87,74,75,59,36,"1,350"
20,ADITYA AGRO INDUSTRIES,0,0,6,0,5,5,6,7,2,3,6,1,41
21,ADITYA ENTERPRISES,0,1,0,0,2,0,0,0,0,0,0,0,3
22,ADITYA SAI INDUSTRIES,3,11,11,2,13,14,16,10,25,4,13,7,129
23,ADRIS ELECTRIC PVT LTD,13,9,13,19,19,14,4,5,8,41,15,66,226
24,AFTEK MOTORS INDIA PVT LTD,3,3,3,14,8,15,22,19,48,10,26,15,186
25,"AFZAL ENGG WORKS,JUNAGARH",7,11,5,3,1,4,2,1,0,0,1,0,35
26,"AGNEE IRON WORKS,BARIPADA",0,0,0,0,0,1,0,0,0,0,0,0,1
27,AGP ENGINEERING PRODUCTS,0,0,0,0,0,0,0,0,0,0,1,0,1
28,AGRASEN ENGINEERING WORKS,0,0,1,0,0,0,0,0,0,0,0,0,1
29,AGRAWAL RENEWABLE ENERGY PVT LTD,0,0,0,0,1,0,0,0,0,0,0,0,1
30,AGRI KING TRACTORS & EQUIPMENTS PVT LTD,2,4,2,7,7,5,0,2,6,11,3,6,55
31,AGRO INDUSTRIES,29,20,45,29,28,13,18,15,17,6,20,19,259
32,AHITESHAM AGRO ENGINEERING,0,1,1,1,0,2,1,0,1,2,2,1,12
33,AHMED MOTORS,4,10,11,0,3,0,2,2,6,9,23,35,105
34,AJANTA KRUSHI YANTRA,0,33,1,0,0,1,2,2,1,29,0,2,71
35,AJAX ENGINEERING LTD,123,127,192,195,154,164,140,121,160,109,162,205,"1,852"
36,AJAX FIORI ENGINEERING PVT LTD,3,2,6,1,0,2,2,0,7,0,0,0,23
37,"AJAY AGRO ENTERPRISES,SBP",2,4,2,4,3,0,2,1,1,1,0,2,22
38,AJAY ENGG WORKS & EQUIP PLTD SAMBALPUR PARDHIAPALI,0,0,0,0,0,0,0,0,0,1,0,0,1
39,AJAY ENGINEERING AND AGRICULTURAL EQUIPMENT CO.,1,3,2,1,0,0,0,1,1,0,1,1,11
40,AJAY ENTERPRISES,0,1,2,0,1,2,0,2,1,0,1,0,10
41,AJAY MOTORS PRIVATE LIMITED,0,0,0,0,0,0,2,8,6,6,3,9,34
42,AJS MOTORCYCLES LTD,0,1,0,0,0,0,0,0,0,0,0,0,1
43,AKAL AGRO INDUSTRY,0,0,0,1,0,0,0,0,0,0,0,3,4
44,AKASH AGRO INDUSTRIES,1,0,0,2,1,0,0,1,1,0,0,0,6
45,AKASH KRISHI YANTRA,2,4,27,0,0,0,0,0,0,0,0,2,35
46,AKASH TRAILOR,4,2,8,7,4,6,2,7,2,6,4,4,56
47,A K AUTTO ELECTRICAL,0,2,1,0,0,0,0,0,0,0,0,0,3
48,A K GUPTA & CO.,31,38,42,2,13,35,39,14,65,82,37,35,433
49,AKMAAN MULTI MECH MACHINES,0,0,0,1,0,0,0,0,0,0,0,0,1
50,A K S ENG AGRO INDUSTRIES,3,0,0,1,1,0,0,1,0,0,0,0,6
51,AKSHAR AGRI TECH,0,0,0,1,0,0,0,0,0,0,0,0,1
52,AKSHAR STEEL,0,1,0,2,2,0,1,1,0,0,0,1,8
53,AKSHAY INDUSTRIES,7,4,0,0,0,0,0,0,0,0,0,1,12
54,ALBEDO VISION PVT LTD,0,0,2,3,1,2,2,1,0,0,0,3,14
55,ALLFINE INDUSTRIES PVT LTD,344,287,422,339,454,412,454,451,695,638,655,777,"5,928"
56,ALL TERRAIN CRANE,45,58,72,70,63,56,62,80,69,61,91,108,835
57,ALPHA SERVICES,2,0,0,0,0,1,0,0,1,0,0,2,6
58,ALTIER ELECTRIC VEHICLES PVT LTD,52,54,62,77,107,170,184,148,213,169,183,247,"1,666"
59,ALTIGREEN PROPULSION LABS PVT LTD,20,11,0,26,25,34,22,68,42,101,187,163,699
60,ALTIUS EV TECH PVT LTD,0,0,0,0,0,1,4,4,8,22,14,14,67
61,ALTIUS TECHNOLOGIES,2,4,2,1,0,0,0,0,0,0,0,0,9
62,AMAC INNOVATIVES,0,0,0,0,0,0,0,0,0,0,0,1,1
63,AMAN AGRO INDUSTRIES,4,3,3,7,22,5,2,2,1,3,3,7,62
64,AMAN AUTOMOBILES,5,3,4,0,11,2,0,1,2,0,1,1,30
65,AMAN ELECTRIC VEHICLES,2,4,2,0,2,1,14,0,0,5,7,2,39
66,AMAR AGRO SALES,1,0,0,0,0,0,0,0,2,0,3,1,7
67,AMAR ENGG. WORKS,0,0,0,0,0,0,0,0,0,0,0,1,1
68,AMARJEET HARVESTER INDUSTRY,0,1,10,4,0,0,0,2,2,0,1,3,23
69,AMBIKA ENTERPRISES,9,3,9,3,2,5,13,4,12,14,13,5,92
70,AMBIKA INDUSTRIES,104,73,76,107,115,79,87,120,133,82,130,55,"1,161"
71,AMMANN APOLLO INDIA PVT LTD,17,15,24,15,13,12,16,7,11,9,12,13,164
72,AMO MOBILITY SOLUTIONS PVT LTD,4,2,2,16,13,11,38,65,186,333,421,405,"1,496"
73,AMPERE VEHICLES PRIVATE LIMITED,"4,220","4,305","6,341","6,541","5,837","6,542","6,319","6,554","6,465","10,064","12,260","4,411","79,859"
74,AMPERE VEHICLES PVT LTD,147,128,327,324,340,377,494,218,13,12,0,11,"2,391"
75,"AMRIT ENGG WORKS,DKL",5,0,3,10,3,1,2,1,1,1,1,2,30
76,AMW MOTORS LIMITED,0,0,1,0,0,1,2,2,1,0,0,3,10
77,ANCHI MOTORCYCLE  (IMPORTER: ECOTRINITY AUTOMOBILE,0,0,0,0,0,0,0,0,0,0,5,1,6
78,ANCHI MOTORCYCLE (IMPORTER: EVNEXUS PVT. LTD.),0,0,0,0,0,0,0,0,0,0,0,1,1
79,ANJALI AUTO COMPONENTS,1,0,2,3,6,0,5,1,1,2,0,0,21
80,ANJALI TRADERS,5,5,3,5,11,26,0,3,8,3,0,7,76
81,ANKIT RAJ ENGINEERIG WORKS SHOP,1,1,0,0,0,1,0,0,0,0,0,0,3
82,ANKUSH AUTO DEALS,2,0,0,0,0,0,0,0,0,0,0,0,2
83,ANNAPURNA AGRO INDUSTRIES,0,1,0,0,0,0,0,0,0,0,0,0,1
84,ANNAPURNA INDUSTRIES,8,11,9,0,6,8,7,4,10,9,5,6,83
85,ANUGRAH ENGINEERING,0,0,0,0,0,0,0,0,0,0,0,1,1
86,"ANUP ENTERPRISES,SNG",0,4,1,1,1,1,0,0,0,0,0,1,9
87,ANVITA AUTO TECH WORKS PVT LTD,2,6,3,3,1,2,1,4,4,0,2,2,30
88,APARNA INDUSTRIES,4,5,1,5,3,14,19,8,16,4,2,5,86
89,A P I MOTORS PVT LTD,38,50,73,69,61,75,82,59,80,91,88,71,837
90,APM AUTO SALES,9,19,12,45,33,32,40,48,30,30,64,40,402
91,APOLLO CARMIX EQUIPMENTS PVT LTD,2,4,9,5,7,9,6,6,2,2,8,4,64
92,APOLLO CONSTRUCTION EQUIPMENTS PVT LTD,0,0,0,0,0,0,0,0,0,1,0,0,1
93,APOLLO INFFRATECH PVT LTD,1,2,0,0,0,0,0,0,0,0,1,0,4
94,APSARA ENTERPRISE,21,28,34,44,46,34,36,22,37,19,37,21,379
95,APTEC EQUIPMENT PRIVATE LIMITED,0,0,0,0,1,0,0,1,0,0,3,2,7
96,"ARATI ENTERPRISES, BHPATNA",3,0,2,2,0,0,0,1,1,0,0,1,10
97,ARCHIT ENTERPRISES,34,32,71,45,46,33,37,78,57,42,48,41,564
98,ARD EXIM,1,3,6,1,0,0,2,2,7,4,6,10,42
99,ARIN TRACTORS PVT LTD,0,0,0,0,0,0,44,3,3,0,0,1,51
100,ARMAN GREEN VEHICLES PVT LTD,2,0,3,3,1,0,3,1,0,1,0,0,14
101,ARMIX CONSTRUCTION MACHINERY PVT LTD,0,0,0,0,1,1,0,1,0,1,0,0,4
102,ARNA ELECTRIC AUTO PVT LTD,34,25,38,8,23,33,62,11,14,45,28,23,344
103,ARROW AUTOMOTIVE,127,184,183,145,185,241,226,257,280,290,323,344,"2,785"
104,ARS INTERNATIONAL PVT LTD,0,0,0,0,0,0,1,0,0,0,0,0,1
105,ASHA IMPEX,3,1,4,1,0,5,10,2,8,10,13,4,61
106,ASHA INDUSTRIES,0,0,1,0,0,0,0,0,0,0,0,0,1
107,"ASHOK FABRIC & ENGG,RAIRAKHOL",1,0,0,0,0,0,1,0,0,0,0,0,2
108,ASHOK LEYLAND DEFENCE SYSTEMS LTD,0,0,0,15,41,42,0,2,0,0,0,0,100
109,ASHOK LEYLAND LTD,"10,635","10,660","12,720","13,289","11,398","11,063","10,765","11,268","12,424","13,125","14,158","11,264","1,42,769"
110,ASHOK STEEL INDU,1,0,0,0,0,0,0,0,0,0,0,0,1
111,ASHWA ELECTRIC,0,0,0,0,0,0,0,0,0,0,1,0,1
112,A.S.R BODY WORKS,0,1,0,0,0,1,0,0,0,0,0,0,2
113,ASSAM FABRICATION WORKS,2,11,12,5,2,0,0,3,0,0,0,2,37
114,ASTER AUTOMOTIVE PVT LTD,0,0,0,0,0,0,0,0,0,0,2,0,2
115,ASTON MARTIN LAGONDA LTD,1,0,2,0,1,2,1,0,0,0,1,0,8
116,ASTON MARTIN LAGONDA PVT LTD,0,1,0,0,0,0,0,0,0,0,0,0,1
117,ATHER ENERGY LTD,"1,885","2,233","2,233","2,452","3,340","3,830","1,289","5,377","6,281","7,358","7,839","7,696","51,813"
118,ATOMEX E-MOTORS INDIA PVT LTD,1,0,0,0,0,0,0,2,0,0,0,0,3
119,ATTOLENT AUTO GROUP PVT LTD,31,19,25,13,30,26,44,41,60,79,39,49,456
120,ATUL AUTO LTD,"1,371","1,367","1,535","1,446","1,271","1,369","1,523","1,612","1,590","1,755","2,108","1,777","18,724"
121,ATUT SANGAM,30,48,55,38,49,65,69,79,103,131,156,120,943
122,AUDI AG,164,72,56,25,29,31,47,44,21,35,44,31,599
123,AUM ENGINEERING AND WORKS,11,0,0,0,2,2,0,0,0,0,10,0,25
124,AUSTIN LTD,0,1,0,0,0,0,0,0,0,0,0,0,1
125,AUTOECO GREEN ENERGY PVT LTD,0,0,0,0,0,0,0,0,0,0,0,21,21
126,AUTOHAUS PRIVATE LIMITED,42,68,62,55,77,57,34,23,20,15,19,13,485
127,AUTOLITE (INDIA) LIMITED,7,4,8,4,3,0,8,4,7,5,13,1,64
128,AUTOMOBILI LAMBORGHINI S.P.A,6,7,16,16,7,6,9,3,9,7,3,4,93
129,AUTOROLA INDIA TO,1,0,0,0,0,0,0,0,0,0,0,0,1
130,A.V.AUTOMOTIVES PVT LTD,50,51,64,79,117,109,141,186,163,226,181,86,"1,453"
131,AVL ELECTRIC VEHICLES PVT LTD,81,70,92,76,72,144,114,139,157,153,233,194,"1,525"
132,AVON CYCLE LTD INDIA,0,0,1,4,0,1,0,0,2,13,9,12,42
133,AVON CYCLES LTD,37,40,37,66,36,59,66,86,123,84,65,61,760
134,AVTAR ENGINEERING WORKS,2,4,5,12,5,1,0,0,0,1,0,0,30
135,AWACHAT INDUSTRIES LTD,120,135,128,94,83,43,30,38,157,207,185,109,"1,329"
136,AYAAN ELECTRONIC PVT LTD,0,1,1,2,5,3,2,23,16,16,43,20,132
137,BABA E RICKSHAW & C BATTERIES,0,0,0,0,0,0,1,0,0,0,0,0,1
138,BABA E-VEHICLES,1,0,6,4,16,10,34,36,44,29,59,49,288
139,BABA HARI DAS FABRICATION,0,0,0,0,0,0,0,0,0,0,0,1,1
140,BABA PRODUCT,1,4,12,3,0,2,0,1,1,3,0,7,34
141,BAGESWAR ENGG WORKS,0,1,0,0,0,1,0,0,0,0,0,1,3
142,BAGHWAN RIKSHAW UDYOG,0,0,0,0,2,1,0,0,0,0,0,0,3
143,BAJAJ AUTO LTD,"1,57,468","1,43,548","1,60,623","1,55,829","1,56,772","1,28,877","1,27,568","1,40,458","1,38,286","1,99,189","2,41,462","1,51,021","19,01,101"
144,BAJAJ IMPLEMENTS PVT. LTD,11,4,22,42,19,8,19,9,16,2,17,26,195
145,BAJAJ TEMPO LIMITED,1,0,0,0,0,0,0,0,0,1,0,0,2
146,BAJRANG AGRO INDUSTRIES,0,0,1,0,0,0,0,0,0,0,1,0,2
147,BAL AGRO INDUSTRIES,0,0,0,0,0,0,0,0,0,1,1,25,27
148,BALAJEE ENGINEERING,4,2,0,0,1,1,0,0,0,1,0,0,9
149,BALAJI AGRO INDUSTRIES,7,10,9,10,12,8,7,4,0,4,4,6,81
150,BALAN ENGINEERING PVT LTD,1,5,6,5,6,13,10,6,35,8,5,5,105
151,BALBIR INDUSTRIES,1,0,6,3,1,4,0,0,1,0,0,1,17
152,BAL GOPAL WHEELS PVT LTD,4,2,1,4,6,3,12,9,2,3,2,16,64
153,BALI AUTO INDUSTRIES,38,24,18,44,25,39,32,20,22,42,12,17,333
154,BALJEET ENGG. WORKS,0,0,0,3,3,4,2,1,4,1,0,2,20
155,BALJEET KRISHI YANTRA,0,0,0,0,0,2,0,0,0,0,1,0,3
156,BANKU BODY BUILDER,0,0,0,0,0,0,0,0,0,0,1,2,3
157,"BASUDEB ENGINEERING, CUTTACK",0,3,1,4,3,1,2,0,0,3,5,4,26
158,BATTRE ELECTRIC MOBLITY PVT LTD,0,0,0,0,0,0,0,1,1,47,149,318,516
159,"BAUTI ENGINEERING,NAYAGARH",1,1,0,0,1,1,0,1,1,0,0,0,6
160,BEML LIMITED,1,0,1,0,1,0,1,0,0,0,0,0,4
161,BENLING INDIA ENERGY AND TECHNOLOGY PVT LTD,"1,142","1,228","1,096",874,862,"1,005","1,245","1,099",975,"1,422","1,216",966,"13,130"
162,BENTINCK INDUSTRIES PVT. LTD.,7,2,5,5,8,30,15,18,47,15,52,50,254
163,BENTLEY MOTORS LIMITED,1,0,2,4,1,1,5,1,3,2,1,2,23
164,BEST WAY AGENCIES PVT LTD,662,725,747,718,542,443,310,338,418,452,575,515,"6,445"
165,BESTWAY AGENCIES PVT LTD,28,5,17,12,11,5,13,9,4,9,24,38,175
166,BESTWAY BANARASH,4,1,0,0,0,0,3,0,5,0,0,0,13
167,BGAUSS AUTO PRIVATE LIMITED,0,0,0,0,0,0,1,130,188,444,628,592,"1,983"
168,BHADAURIA ENTERPRISES,3,1,0,0,1,2,0,0,0,0,0,0,7
169,BHAGWAN AGRO INDUSTRIES,5,6,13,3,3,4,1,1,5,0,3,3,47
170,BHAGYALAXMI TRAILER,1,1,0,1,0,0,1,0,0,0,0,1,5
171,BHARATH AGRO PRODUCTS,0,2,3,0,0,2,0,0,0,0,0,1,8
172,BHARATH ENGINEERING WORKS,1,2,0,2,0,2,0,1,0,12,0,0,20
173,BHARAT MOTORS,0,0,0,0,1,1,0,0,1,1,0,0,4
174,BHARAT PUMP COMP. LTD,0,0,0,0,0,0,1,0,0,0,0,0,1
175,BHAVE ELECTRIC VEHICLES PVT LTD,34,53,84,68,75,112,193,186,185,217,202,182,"1,591"
176,BHM INDUSTRIES,64,43,70,44,67,75,90,134,126,136,125,54,"1,028"
177,BHOYAR AGRO IND WARDHA,2,21,3,7,2,10,10,2,2,0,3,2,64
178,BIDISHA ENTERPRISES PVT LTD,1,1,2,5,1,1,1,0,5,2,1,2,22
179,BIG BULL TRADER PVT LTD,18,19,34,19,31,23,32,20,11,22,23,55,307
180,BIJNOR ENTERPRISES,1,0,0,0,2,4,0,1,1,9,10,24,52
181,BISWAKARMA ENGINEERING,0,1,3,0,0,0,0,0,1,0,0,0,5
182,BLIX CYCLES AND E-VEHICLES PVT LTD,1,2,0,6,3,9,2,8,3,0,1,10,45
183,BLUE ENERGY COMMERCIAL VEHICLES PVT. LTD.,0,0,0,0,0,0,0,0,0,0,10,10,20
184,BMW INDIA PVT LTD,"1,310","1,172","1,579","1,517","1,287","1,450","1,383","1,512","1,653","1,803","1,720","1,406","17,792"
185,BOOMA INNOVATIVE TRANSPORT SULUTIONS PVT LTD,2,239,0,0,0,0,224,0,6,5,4,4,484
186,BOUNCE ELECTRIC 1 PVT LTD,0,0,0,0,0,754,536,581,631,568,854,591,"4,515"
187,BRIGHT AUTOZONE PVT LTD,263,242,317,284,306,316,352,335,302,308,367,310,"3,702"
188,BRIGHT METAL WORKS,0,0,1,0,0,0,1,1,3,0,1,0,7
189,B R INDUSTRIES,0,3,2,0,0,1,1,1,0,0,0,0,8
190,BSA MOTORS,3,4,4,1,8,4,0,2,0,1,2,3,32
191,BSMS AGRICULTURE WORKSHOP,0,7,3,2,0,3,5,3,4,3,1,2,33
192,BULL MACHINES PVT LTD,47,50,54,48,46,50,50,41,47,54,73,75,635
193,BYD INDIA PRIVATE LIMITED,10,12,18,21,42,50,44,46,66,38,54,52,453
194,CAPITAL AUTO INDUSTRIES,0,0,250,316,143,83,135,125,100,135,130,128,"1,545"
195,CAPTAIN TRACTORS PVT. LTD.,171,104,163,148,159,204,440,289,518,634,218,223,"3,271"
196,CARGOTEC INDIA PVT LTD,0,0,0,0,0,0,2,0,0,0,0,0,2
197,CART INDIA,1,0,0,0,0,0,1,0,0,1,3,1,7
198,CASE EQUIPMENT PRIVATE LTD,3,3,6,2,2,1,2,7,6,0,2,1,35
199,CASE NEW HOLLAND CONSTRUCTION EQUIPMENT(I) PVT LTD,423,277,382,293,328,472,433,400,97,111,172,174,"3,562"
200,CATERPILLAR INDIA PRIVATE LIMITED,141,152,199,167,140,168,150,119,130,105,184,171,"1,826"
201,CEEON INDIA,24,13,27,14,26,19,28,29,58,44,63,49,394
202,CELLETRON MOTOR WORKS,0,0,0,0,0,1,5,4,1,0,0,0,11
203,CHAANY AGRO INDUSTRIES,0,0,0,0,7,0,1,0,0,0,0,0,8
204,CHALAM FORM EQUPMENTS,0,0,1,0,0,0,0,0,0,0,0,0,1
205,CHAMPION POLY PLAST,764,757,933,953,994,"1,153","1,253","1,458","1,416","1,324","1,282",980,"13,267"
206,CHANDANA CORPORATION,18,55,27,41,38,36,33,44,30,49,30,25,426
207,CHANGZHOU YEFEND VEHICLE CO,0,0,0,0,0,0,0,0,0,0,0,2,2
208,CHANNY AGRO INDUSTRIES,0,2,1,2,0,0,1,1,0,2,0,2,11
209,CHARUVIKRAM AUTOMOBILE PVT LTD,2,0,0,0,3,0,0,0,1,0,0,0,6
210,CHAUHAN AUTO INDUSTRIES,20,19,19,8,21,32,55,43,39,38,57,55,406
211,CHEHAK BATTERIES,3,9,6,18,16,21,9,19,12,15,44,51,223
212,CHEVROLET SALES INDIA PVT LTD,0,0,0,0,1,0,0,1,0,0,0,0,2
213,CIMMCO LIMITED,0,0,1,0,0,0,0,0,0,0,0,0,1
214,CITADEL ENTERPRISES(OPC) PVT LTD,0,3,4,5,3,2,5,3,1,5,2,3,36
215,CITYGREEN AUTO & PETRO CHEMICALS (P) LTD,67,60,89,60,51,57,55,66,75,85,83,79,827
216,CIVIMEC ENGINEERING PVT LTD,0,0,0,0,0,0,0,1,0,1,1,0,3
217,CLAAS INDIA P LTD,5,6,13,10,5,8,5,5,16,16,7,10,106
218,CLASSIC LEGENDS PVT LTD,"2,435","3,538","4,375","3,814","3,697","3,413","3,208","3,326","2,942","3,771","3,729","2,721","40,969"
219,C M OVERSEAS,0,0,5,0,1,5,4,2,3,1,3,10,34
220,CNH INDUSTRIAL (INDIA) PVT LTD,"2,249","2,132","2,494","1,934","2,305","2,146","2,097","1,999","2,276","2,351","2,867","3,297","28,147"
221,COMETTO TRAILER,0,0,1,0,1,0,0,0,0,0,0,0,2
222,CONMAT HEAVY INDUSTRIES PVT LTD,2,3,7,8,2,3,6,0,6,4,6,5,52
223,CONTINENTAL ENGINES PVT LTD,446,410,464,454,399,444,508,425,516,460,662,494,"5,682"
224,CRANE KRAFT INDIA PRIVATE LIMITED,0,0,2,4,11,14,8,6,7,10,7,9,78
225,CYRUS AUTO INDUSTRIES PVT LTD,2,0,0,0,1,4,7,3,2,0,5,0,24
226,DADGURU TRAILORS AND ENGINEERING WORKS,0,0,0,0,0,0,0,1,0,0,2,0,3
227,DAIMLER AG,1,6,3,1,0,0,1,0,0,1,1,2,16
228,DAIMLER INDIA COMMERCIAL VEHICLES PVT. LTD,"1,170","1,457","1,587","1,657","1,194","1,110",881,"1,008","1,191","1,232","1,581","1,525","15,593"
229,DAKSH INDUSTRIES,177,193,228,180,183,326,256,320,329,321,412,300,"3,225"
230,DALIAN FORKLIFT CO.,0,1,0,1,0,2,0,1,0,0,0,0,5
231,DALIP SINGH & SONS,0,4,4,0,4,0,4,4,1,2,3,7,33
232,DAO EVTECH PRIVATE LIMITED,0,0,0,0,0,0,0,6,16,33,28,19,102
233,DASHMESH AGRICULTURE WORKS,1,0,2,0,0,0,0,0,0,0,0,0,3
234,DASHMESH MECH WORKS PVT LTD,10,12,34,2,8,1,0,0,0,0,0,0,67
235,DASHMESH TRADERS,4,5,8,0,2,3,18,0,10,19,1,13,83
236,DASMESH AGRICULTURAL INDUSTRIES PVT LTD,1,2,2,0,0,3,1,1,0,0,0,0,10
237,DASMESH AGRICULTURE WORKS,6,5,6,5,2,3,1,3,2,0,3,2,38
238,DASMESH MECHANICAL WORKS PVT.LTD,19,26,33,22,17,16,12,21,31,19,24,71,311
239,DAVE EXIM PVT LTD,12,3,19,17,23,24,10,42,35,18,21,19,243
240,DD AUTO PVT LTD,0,1,1,0,0,1,1,3,0,6,0,0,13
241,DEEP DRAWN TECHNOLOGIES,0,0,0,0,0,0,0,1,0,1,0,2,4
242,DEEP JYOTI ENG PVT LTD,1,0,0,0,1,0,0,0,0,0,0,0,2
243,"DEEPTI ENGINEERING AND IRON AND STEEL INDUSTRY, MALKANGIRI",3,0,2,1,5,0,3,0,0,0,0,0,14
244,DE EUSI MOTORS PVT LTD.,26,16,40,44,45,53,56,70,107,89,83,91,720
245,DELTA AUTOCORP LTD,71,50,89,66,45,75,108,121,200,136,167,206,"1,334"
246,DELTEK ENTERPRISES PVT LTD,0,0,0,0,0,0,0,0,0,0,0,1,1
247,DEMAG DEMAG HC 340,2,0,8,0,0,0,1,1,0,0,1,4,17
248,DEMAGE MOTORS LTD,0,0,0,0,0,0,0,0,0,0,1,1,2
249,DESMOTO ELECTRICS PVT LTD,0,1,0,0,0,0,0,0,0,0,0,0,1
250,DEV AGRO INDUSTRIES,0,3,6,1,1,0,1,0,0,0,2,3,17
251,DEVANGI ENG..,0,0,0,0,0,0,1,5,21,14,24,27,92
252,DEV ENGINEERING WORKS,15,20,22,35,11,14,13,7,0,3,3,0,143
253,DEVI ENGINEERING WORKS,0,0,0,0,1,3,0,0,0,1,0,0,5
254,DEWAN AGRICULTURE WORKS,0,3,0,1,0,0,0,2,2,0,1,1,10
255,DHANALAKSHMI ENGINEERING WORKS,4,4,6,2,1,1,0,1,2,0,0,4,25
256,DHANAVENKAT ENGG.WORKS,0,0,2,0,1,1,1,0,2,1,1,0,9
257,DHANNLAXMI AUTOWORKS,0,2,0,2,0,0,0,0,0,0,0,0,4
258,DHAR INTERNATIONAL,5,11,19,10,18,7,5,4,4,5,9,7,104
259,DHARMRAJ AGRO IND.,0,0,0,0,0,0,0,0,0,0,0,2,2
260,DHIMAN AGRICULTURAL WORKS,2,0,1,0,2,0,0,0,0,1,0,0,6
261,DHIMAN AGRICULTURE,1,0,3,1,2,0,0,1,1,0,2,3,14
262,DHIMAN AGRICULTURE WORKS,0,0,4,0,1,0,1,1,1,0,0,0,8
263,DHIMAN AGRO INDUSTRIES,0,1,0,1,0,2,0,2,1,0,0,0,7
264,DHIMAN BROTHERS,0,1,2,1,0,0,0,0,0,0,0,0,4
265,"DIAMOND ENGG,CTC",0,1,8,4,3,2,7,0,4,0,4,1,34
266,DIAMOND E VEHICLES,5,1,4,6,11,17,30,47,49,35,64,34,303
267,DILLI ELECTRIC AUTO PVT LTD,782,741,958,852,"1,065","1,076","1,091","1,430","1,549","1,599","1,623","1,560","14,326"
268,DIVANSU AUTOMOBILES LTD,13,4,16,5,1,2,4,16,11,25,23,22,142
269,DIVYA ENTERPRISES,46,31,53,27,84,72,47,74,80,78,75,77,744
270,D K DIESELS PVT LTD,1,0,0,0,2,0,0,1,0,0,1,2,7
271,DODGE MOTORS,0,0,2,0,0,0,0,0,0,0,0,0,2
272,DODIYA AGRO WORKS,0,0,0,0,1,0,0,0,0,0,0,0,1
273,DOOSAN BOBCAT INDIA PVT LTD,26,34,34,46,44,38,44,32,48,47,51,59,503
274,DOOSAN INT INDIA PVT LTD,0,1,0,0,0,0,0,0,0,0,0,0,1
275,DSF INDUSTRIES PVT LTD,0,0,2,1,0,2,0,2,2,3,0,2,14
276,D S INDUSTRIES,10,0,1,6,5,2,2,0,9,2,4,5,46
277,DSK MOTOWHEELS PVT LTD.,0,0,0,0,0,1,0,0,0,0,0,0,1
278,DUCATI INDIA PVT LTD,41,40,32,28,35,19,24,33,26,28,39,29,374
279,DUCATI MOTOR HOLDING S.P.A,0,0,0,0,1,0,0,0,0,0,0,1,2
280,DUKE AUTO INDIA,40,27,21,81,69,51,56,58,63,34,66,44,610
281,DULEVO INDIA PVT LTD,0,1,0,0,3,0,3,0,0,2,3,0,12
282,"DURGA AGRO ENGG,BALASORE",2,4,2,3,4,4,5,2,1,0,2,3,32
283,"DURGA&DURGA ENGG WORKS,BHMPUR",0,0,0,0,0,1,0,0,0,0,1,1,3
284,"DURGA & DURGA ENG WORKS, HALADIAPADAR, GANJAM",0,0,0,2,0,1,0,0,0,0,0,0,3
285,DURGA ENGINEERING WORKS,0,1,6,3,0,1,1,0,0,1,0,1,14
286,DURGA TRACTORS PVT LTD,0,0,0,0,0,0,0,1,0,0,0,0,1
287,"DWARI ENGG WORKS,SAMBALPUR",1,3,1,0,1,0,1,0,0,1,0,0,8
288,DYNAPAC COMPACTION EQUIPMENT,0,0,0,0,0,0,0,0,0,1,0,0,1
289,DYNAPAC ROAD CONSTRUCTION EQUIPMENT INDIA PVT LTD,5,13,10,3,5,10,12,2,10,5,8,11,94
290,DYNAVOLT TECHNOLOGY INDIA LTD,0,1,1,5,2,2,0,0,0,0,0,0,11
291,DYS IMPEX PRIVATE LIMITED,13,30,39,34,15,26,20,51,38,67,47,41,421
292,EAGLE AUTO PEARL PVT,1,0,0,0,0,0,0,0,0,0,0,0,1
293,E-ASHWA AUTOMOTIVE PVT LTD,10,10,7,3,8,11,10,17,11,13,18,11,129
294,EBUZZ MOBILITY LLP,0,0,0,0,0,0,0,0,0,0,1,0,1
295,ECO DYNAAMIC EQUIPMENTS,5,3,3,4,3,4,2,5,4,5,7,2,47
296,ECO-FRIENDLY ELECTRIC VEHICLE PVT LTD,6,4,8,0,0,1,10,0,0,0,0,0,29
297,ECO FUEL SYSTEMS (I) PVT LTD,59,44,85,79,65,56,70,43,46,52,67,62,728
298,ECO SMART VEHICLES PVT LTD,32,22,24,30,40,31,42,40,61,37,43,51,453
299,ECOYAN ELECTRIC MOTOR VEHICLES PVT LTD,0,0,0,0,0,0,0,1,0,0,3,0,4
300,EDMRC MANNSCHAFT LLP,0,5,1,3,3,2,1,1,4,3,12,14,49
301,EEVEE ENGINEERING PVT LTD,1,4,1,2,2,0,1,1,2,0,4,2,20
302,EFEV CHARGING SOLUTION PVT LTD,0,0,0,1,1,0,7,7,14,13,13,26,82
303,E-GURU AUTO ENERGY,0,0,0,0,0,0,0,0,0,0,7,5,12
304,EICHER MOTORS LTD,3,7,7,9,4,1,4,5,7,2,4,6,59
305,EICHER TRACTORS,"4,814","3,716","5,716","3,834","4,116","4,345","5,145","4,243","3,622","3,659","5,138","5,032","53,380"
306,EIMCO ELECON,0,0,0,0,3,1,0,2,1,2,3,0,12
307,ELECTRECA VEHICLES,6,11,8,7,12,12,6,7,5,10,4,5,93
308,ELECTROTHERM (INDIA) LIMITED,1,1,0,1,0,1,1,0,0,0,0,0,5
309,ELEPHANTA INDUSTRIES PVT LTD,5,1,2,0,7,4,3,8,14,3,0,2,49
310,ELGIN SWEEPER CO USA,0,0,0,0,2,0,0,0,0,0,0,0,2
311,ELITE AUTO ENGINEERS PVT LTD,26,10,35,27,24,37,61,52,80,25,36,97,510
312,ELSA CONCRETING MACHINERY INDIA PVT LTD,0,0,0,0,1,0,0,1,1,1,0,0,4
313,ELTHOR ENERGY PRIVATE LIMITED,20,62,98,114,95,76,72,43,48,39,24,44,735
314,E-MOTION AUTOMOTIVE INDUSTRY LLP,15,16,21,17,17,31,31,29,66,40,48,38,369
315,ENERGY ELECTRIC VEHICLES,376,314,381,384,425,457,620,682,682,684,730,531,"6,266"
316,ENGTIAN ELECTRIC BIKE PVT LTD,0,0,0,0,0,0,3,14,13,21,52,38,141
317,ENTICE IMPEX PVT LTD,15,10,21,28,6,20,17,12,7,31,8,13,188
318,EPOWER VEHICLES PVT LTD,0,3,0,1,2,4,11,6,8,2,3,3,43
319,E ROYCE MOTORS INDIA PVT LTD,0,122,124,111,2,505,144,227,83,10,50,3,"1,381"
320,ESCORTS CONSTRUCTION EQUIPMENT LTD,"1,404","1,222","1,730",834,"1,151","1,352","2,115","1,964",105,110,169,67,"12,223"
321,ESCORTS KUBOTA LIMITED (AGRI MACHINERY GROUP),"5,466","5,048","6,585","5,024","5,831","6,066","6,310","4,920","5,569","5,530","8,555","7,773","72,677"
322,ESCORTS KUBOTA LIMITED (CONSTRUCTION EQUIPMENT),321,264,341,318,275,276,279,259,271,230,304,353,"3,491"
323,ESCORTS LTD,1,0,0,1,0,0,0,0,0,0,1,0,3
324,ESCORTS R&D CENTRE,6,2,3,1,2,2,1,1,4,0,0,1,23
325,ESCORTS TRACTORS LTD,2,1,2,1,0,0,0,0,0,1,2,0,9
326,ESSAR ENGINEERING,3,0,1,11,3,6,1,0,3,1,0,1,30
327,ESSAR ENGINEERING MAYURBHANJ BARIPADA,0,0,0,0,0,0,0,0,0,0,1,0,1
328,ETRIO AUTOMOBILES PVT LTD,2,4,8,1,28,14,16,13,29,10,12,43,180
329,EULER MOTORS PVT LTD,14,144,66,34,73,36,65,0,0,91,53,78,654
330,EVAGE AUTOMOTIVE PVT LTD,0,0,0,0,0,0,0,0,0,0,3,0,3
331,EVBHARAT RANGE PRIVATE LIMITED,0,0,0,0,0,1,0,0,0,0,3,11,15
332,EVCO AUTOMOBILES PVT LTD,0,0,0,0,0,0,0,0,0,0,0,57,57
333,EVEX AUTO INDIA PVT LTD,8,24,26,23,50,10,35,20,16,12,48,25,297
334,EVOLUTION AUTOTECH,0,0,2,0,0,0,0,0,0,0,0,0,2
335,EVTRIC MOTORS PVT LTD,0,0,0,0,0,0,1,1,13,71,38,38,162
336,EXERVAL PVT LTD,0,0,0,27,22,14,6,16,11,8,10,13,127
337,EXIDE INDUSTRIES LTD,31,38,58,43,64,119,96,116,159,115,93,124,"1,056"
338,EXTRA FAST SOLUTIONS,14,20,26,23,22,46,47,27,45,58,36,37,401
339,EXTREME MOTORS,4,0,14,9,8,13,16,14,31,26,35,7,177
340,FAIYAZA FAIYAZ AUTO PVT,0,0,0,0,0,0,1,0,0,0,0,0,1
341,"FARMER TRACTOR, METODA G.I.D.C.",0,0,0,3,0,0,0,0,0,0,0,0,3
342,FARMTECH AGRO INDUSTRIES,1,0,1,0,2,0,0,2,1,0,0,0,7
343,FCA INDIA AUTOMOBILES PRIVATE LIMITED,890,822,948,988,937,"1,160","1,193","1,118","1,094","1,104","1,030",811,"12,095"
344,FEDE INDUSTRIES PVT LTD,12,2,24,31,25,35,35,26,53,34,81,37,395
345,FERRARI INDIA PRIVATE LIMITED,0,1,1,1,0,1,1,0,3,0,0,0,8
346,FERRARI SPA,1,0,0,1,1,1,0,2,3,0,3,1,13
347,FIADO INDUSTRIES PVT LTD,0,0,0,0,0,0,0,0,0,1,2,2,5
348,FIELDTRACK EARTHMOVERS PVT LTD,1,0,2,0,0,0,1,1,0,1,1,7,14
349,FINE EQUIPMENTS INDIA PVT LTD,0,4,0,1,0,0,0,0,0,0,0,0,5
350,FIRST CHOICE ELECTRIC VEHICLES PVT LTD,0,0,0,0,0,3,14,14,26,41,73,97,268
351,FITWEL MOBILITY PVT LTD,1,2,2,4,3,4,3,2,1,2,6,1,31
352,FIVE ELEMENTS,0,0,0,0,0,0,0,1,3,4,7,8,23
353,FORCE MOTORS LIMITED,"1,214","1,043","1,407","1,532","1,806","1,872","1,977","1,964","1,898","1,773","1,633","1,528","19,647"
354,FORD INDIA PVT LTD,154,75,53,34,25,17,6,13,8,4,4,3,396
355,FRIENDS AGRO INDUSTRIES,0,0,0,0,0,0,0,5,0,2,0,0,7
356,GAHIR AGRICULTURAL INDUSTRIES,3,2,6,0,1,1,2,1,6,0,1,0,23
357,GAMZEN PLAST PVT LTD,0,0,0,0,1,0,0,0,0,0,0,2,3
358,GANESH AGRO INDUSTRIES,16,19,20,7,30,44,27,20,28,40,36,14,301
359,GAURI AUTO INDIA PVT. LTD,0,0,1,0,0,0,0,4,0,1,1,3,10
360,GAUTAM AGRO INDUSTRIES,1,1,0,2,2,2,0,1,3,0,1,1,14
361,GAYATRI AGRO INDUSTRIES,0,0,1,0,0,0,0,0,0,0,0,1,2
362,GAYATRI ELECTRIC VEHICLES PVT LTD,88,90,85,124,149,145,205,227,242,212,278,203,"2,048"
363,GEETANJALI STEEL WORKS,1,1,0,0,0,0,0,0,0,0,0,0,2
364,GENERAL MOTORS INDIA PVT LTD,0,2,2,0,3,2,1,0,1,0,1,1,13
365,G & G AUTOMOTIVE,37,79,101,8,7,48,74,39,82,146,48,30,699
366,GIAN AGRO INDUSTRIES,1,0,4,0,1,1,1,3,3,2,0,1,17
367,GILL AGRICULTURE WORKS,2,4,13,9,4,4,0,2,5,1,2,3,49
368,GILL AGROTECH,0,8,8,6,5,3,0,4,3,3,1,3,44
369,GILL MECHANICAL WORKS,0,0,2,0,1,0,0,1,0,0,0,0,4
370,GILL PREET AGRO INDUSTRIES,0,1,0,0,0,1,0,0,1,0,0,0,3
371,GILLPREETAGRO INDUSTRIES,3,8,8,5,2,0,0,3,0,0,1,3,33
372,GKON ELECTRIC MOTOR VEHICLES PVT LTD,41,27,49,64,46,106,56,115,102,109,82,67,864
373,G.K. RICKSHAW PVT LTD,300,311,333,290,376,258,301,320,444,342,426,450,"4,151"
374,G. M. VEHICLE INDUSTRIES,0,0,0,0,2,0,3,2,2,0,0,0,9
375,GOBIND AGRO INDUSTRIES,1,13,11,4,4,6,2,8,6,5,1,20,81
376,GOBIND INDUSTRIES PVT LTD,0,0,0,0,0,0,0,2,4,4,2,0,12
377,GOBIND MOTOR GARAGE,0,0,0,0,0,0,0,18,12,0,0,0,30
378,GODAWARI TECHNO SOLUTIONS PVT LTD,17,13,4,5,5,7,5,5,9,0,10,6,86
379,GODREJ AND BOYCE MFG CO LTD,5,1,0,1,1,2,0,0,0,4,0,0,14
380,GODREJ & BOYCE MFG. CO. LTD,12,29,29,22,6,15,11,6,20,28,9,10,197
381,GOENKA ELECTRIC MOTOR VEHICLES PVT LTD,63,35,56,31,29,49,45,26,54,77,93,87,645
382,GO GREEN EOT (ENERGY OF THINGS) PVT LTD,2,3,0,0,0,1,0,0,1,0,0,0,7
383,GOLD HOFER,1,0,0,0,3,2,0,0,0,0,0,1,7
384,GOODWILL HI PRECISION WORKS PVT LTD,4,2,4,4,3,0,3,2,3,0,0,0,25
385,"GOPAL AGRO AGENCY,HALADIAPADAR,BERHAMPUR,GANJAM",0,1,1,0,1,2,0,28,0,0,1,0,34
386,GOPAL AUTO MOTORS PVT LTD,47,52,87,61,77,58,70,121,138,103,123,117,"1,054"
387,GOPAL ENGG. WORKS,1,0,0,0,0,0,0,0,3,0,0,1,5
388,"GOPAL ENGINEERING, BALASORE",1,0,1,1,0,1,0,0,0,0,2,1,7
389,GOREEN E-MOBILITY PVT LTD,449,426,598,549,546,447,398,403,391,375,396,367,"5,345"
390,GOVIND MOTOR GARRAGE,0,1,0,0,0,0,0,1,5,0,10,0,17
391,GOYAL AGRO INDUSTRIES,0,0,6,0,0,0,0,0,1,0,0,0,7
392,G.R. AGRO INDUSTRIES,0,0,0,0,1,0,0,0,0,0,0,0,1
393,GRAM TARANG EMPLOYABILITY TRAINNING SERVICES P LTD,8,5,5,4,12,8,2,8,2,1,5,5,65
394,GRD MOTORS,132,176,208,29,106,173,243,120,198,347,213,211,"2,156"
395,GREAVES ELECTRIC MOBILITY PVT LTD,0,0,0,0,0,0,0,0,11,39,189,171,410
396,GREEN EVOLVE PVT LTD,0,0,0,0,0,1,3,15,0,20,30,0,69
397,GREEN IMPEX,0,1,4,3,6,11,36,19,31,35,11,18,175
398,GREEN KAIKETSU AUTOMATIVE IND,0,0,0,0,0,0,0,0,0,0,1,0,1
399,GREEN KAIKETSU AUTOMOTIVE INDIA PVT LTD,1,0,1,1,1,0,0,1,0,0,0,0,5
400,GREEN SHUTTLE TECHNOLOGY PVT LTD,7,3,0,3,1,5,4,2,2,1,1,7,36
401,GREEN STAR MOTORS,1,0,0,0,0,0,0,0,1,0,4,9,15
402,GREENTECH AUTO LLP,0,0,0,0,0,0,1,0,2,1,0,2,6
403,GREEN TECHNOLOGIES,4,6,7,0,1,5,11,0,0,7,0,4,45
404,GREEN VALLEY MOTORS,0,1,3,1,1,1,2,1,0,2,1,1,14
405,GREENWHEELS AUTOMOBILE PVT LTD,52,35,108,50,78,64,75,107,94,69,119,54,905
406,GROMAX AGRI EQUIPMENT LTD,244,239,317,206,200,231,248,269,271,278,356,288,"3,147"
407,GROVE INDIA PVT LTD,5,5,9,2,2,1,3,3,1,3,4,9,47
408,GUANGDONG TAYO (IMPORTER: ADISHWAR AUTO),0,0,0,0,0,0,0,0,0,0,1,7,8
409,GUJARAT NARMADA AUTO LTD,2,0,0,0,1,0,2,0,1,1,0,1,8
410,GURDEEP AGRO  INDUSTRIES,0,5,2,2,0,0,2,1,0,1,2,0,15
411,GURDEEP ENGINEERING WORKS,0,9,10,5,2,2,0,0,2,1,0,4,35
412,GURJEET COMBINE,0,0,0,0,0,1,2,6,1,3,0,1,14
413,GURM AGRICULTURE WORKS,0,2,4,5,0,1,1,1,3,0,1,3,21
414,GURMUKH AGRO INDUSTRIES,3,2,11,1,0,1,1,3,2,5,0,5,34
415,GURU JI WHEELS,2,14,13,4,1,3,25,6,15,16,5,13,117
416,GURUKIRPA INDUSTRIES,4,6,2,4,6,5,10,4,5,4,5,4,59
417,GURUKRAPA ENGINEERING WORKS,0,2,2,1,2,2,15,1,2,2,0,4,33
418,GURU NANAK AGRICULTURE IMPLEMENTS,0,0,0,0,0,0,0,0,0,0,2,1,3
419,GURU NANAK AGRI ENGG WORKS,26,14,25,25,13,12,5,11,29,24,35,41,260
420,GURU NANAK AGRI WORKS,3,4,4,3,4,2,1,2,1,0,4,5,33
421,GURU NANAK AGRO INDUSTRIES,1,15,9,1,5,0,2,3,3,1,2,0,42
422,GURU RAMDAS AGROTECH,2,4,8,3,2,0,1,0,2,0,0,1,23
423,G WILLIAMS FABRICATIONS LTD,2,0,0,0,0,0,0,0,0,0,0,0,2
424,HAARISH AUTOMOTIVES (OPC) PRIVATE LIMITED,0,0,0,0,0,0,0,0,0,7,1,4,12
425,HAMM AG,7,11,10,3,6,14,13,12,8,3,3,2,92
426,HANUMAN UDYOG,0,0,0,0,0,1,0,0,0,0,0,0,1
427,HARDEV AGRO TECH,0,3,0,0,0,1,0,5,1,0,1,0,11
428,HARJEET AGRO INDUSTRIES,13,23,30,16,8,10,7,10,6,4,7,15,149
429,HARLEY DAVIDSON (IMPORTER: HERO MOTOCORP),33,40,31,31,23,34,25,21,40,27,25,29,359
430,HARMEET AGRICULTURE WORKS,0,12,22,4,4,3,5,2,4,4,1,10,71
431,HARSH TRADING CO,5,7,8,5,6,4,4,0,4,1,1,0,45
432,H-D MOTOR COMPANY INDIA PVT LTD,9,14,17,6,1,4,4,4,1,0,1,0,61
433,HEMAVATHI AGRO INDUSTRIES,6,5,8,8,5,8,2,5,1,6,3,3,60
434,HERO ELECTRIC VEHICLE PVT LTD,389,344,535,226,121,333,352,218,10,1,9,0,"2,538"
435,HERO ELECTRIC VEHICLES PVT. LTD,"7,764","7,360","13,027","6,577","2,851","6,504","8,954","10,602","8,201","8,868","9,019","8,102","97,829"
436,HERO HONDA MOTORS  LTD,10,7,13,9,8,8,6,6,3,5,5,3,83
437,HERO MOTOCORP LTD,"3,57,100","3,49,252","4,15,669","4,56,549","5,13,063","4,26,027","3,62,075","3,45,781","2,69,758","5,67,294","6,37,827","3,31,225","50,31,620"
438,HIGHWAY ENGING WORKS,2,6,8,3,6,1,2,2,0,1,5,11,47
439,HILLMAN MOTORS LTD,0,0,0,0,0,0,1,1,0,0,0,0,2
440,HIMANI AGRO INDUSTRIES,5,1,6,4,3,4,2,0,0,3,0,4,32
441,HIM TEKNOFORGE LTD,20,66,15,14,26,24,38,37,49,29,105,26,449
442,HIND AGRO INDUSTRIES,1,4,12,7,3,2,2,2,7,1,2,4,47
443,HINDUSTAN AGRO INDUSTRIES,2,3,1,2,0,0,0,0,0,0,0,0,8
444,HINDUSTAN MOTOR CORPORATION,55,82,80,39,105,134,91,129,128,122,106,102,"1,173"
445,HINDUSTAN MOTOR FINANCE CORPORATION LIMITED,5,6,16,4,5,2,3,12,12,2,3,8,78
446,"HINDUSTHAN TECHNOLOGIES PVT LTD, CUTTACK",6,13,28,1,6,6,13,18,16,8,0,0,115
447,HIRA AGRO INDUSTRIES,4,8,32,6,10,2,8,11,26,7,3,14,131
448,"HIRAKUD MOTORS, SAMBALPUR",0,0,0,1,0,0,0,0,0,0,0,0,1
449,HITECH ELECTRIC AUTO CO,0,0,0,0,1,0,0,0,1,0,0,0,2
450,HITECH ENGINEERING LTD,0,8,3,9,5,1,10,3,3,2,9,10,63
451,HI-TECH INDUSTRIES,36,15,31,12,26,26,14,30,42,23,36,6,297
452,HITECH  MECHANICAL WORKS,0,0,0,0,0,0,0,0,0,0,0,2,2
453,HITEK ELECTRIC AUTO CO,0,0,1,1,0,0,0,0,3,0,0,0,5
454,HITENDRA WELDING WORKS,7,13,6,11,14,1,0,0,0,1,0,4,57
455,H M G ENGINEERING WORKS,2,0,3,1,1,2,1,0,0,0,1,2,13
456,HMT LIMITED,1,2,1,0,0,0,0,0,0,0,0,1,5
457,HOLLAND TRACTORS PVT LTD,2,1,0,2,1,0,0,0,1,0,0,1,8
458,HONDA CARS INDIA LTD,"7,691","8,419","7,769","7,553","8,013","7,511","6,398","6,767","6,257","7,879","6,835","6,991","88,083"
459,HONDA MOTORCYCLE AND SCOOTER INDIA (P) LTD,"2,74,350","2,62,378","2,98,519","3,10,117","3,10,858","3,03,979","2,91,104","3,08,354","2,98,487","4,46,984","4,63,286","2,94,585","38,63,001"
460,HONGHUA INTER CO LTD,0,0,1,0,0,0,0,0,0,0,0,0,1
461,HONGKONG YIXING (IMPORTER: ADMS MARKETING),0,0,0,0,0,0,1,0,1,2,1,9,14
462,HOOGHLY MOTORS PVT LTD,254,127,172,145,121,211,230,249,226,326,237,301,"2,599"
463,HOP ELECTRIC MOBILITY PVT LTD,0,0,0,0,0,0,0,0,0,0,0,2,2
464,HOP MOTORS PVT LTD,14,9,11,11,7,12,10,14,13,18,38,60,217
465,HOSHIAR NIRVAIR TRACTORS PVT LTD,0,0,8,0,1,2,2,0,0,0,1,0,14
466,HOTAGE INDIA,147,163,220,198,249,301,363,501,523,504,712,516,"4,397"
467,HOUSTAN INNOVATION LLP,0,0,0,0,0,4,7,3,5,6,6,4,35
468,HOVEL CYLINDER PVT LTD,5,0,0,4,1,1,3,4,2,0,1,0,21
469,H R AGRO INDUSTRIES,0,1,24,2,4,2,4,0,1,4,0,1,43
470,HUNDAL INDUSTRIES,72,32,56,49,67,88,78,69,109,43,100,85,848
471,HYKON INDIA LTD,12,18,26,34,47,22,25,21,33,23,25,21,307
472,HYUNDAI MOTOR INDIA LTD,"38,080","38,762","43,809","41,199","41,707","39,874","43,502","46,382","41,811","51,614","45,830","41,992","5,14,562"
473,"HYUNDAI MOTORS LTD, SOUTH KOREA",0,3,4,3,4,6,8,3,3,2,1,1,38
474,INDERPREET AGRO INDUSTRIES,0,1,4,0,1,2,1,1,2,1,0,1,14
475,INDIA KAWASAKI MOTORS PVT LTD,337,267,287,277,298,231,239,259,253,287,299,223,"3,257"
476,INDIAN MOTORS,80,53,60,77,100,88,111,120,142,88,129,67,"1,115"
477,INDIA SAFE ENTERPRISE,0,0,0,0,0,0,1,1,2,2,1,9,16
478,INDIA YAMAHA MOTOR PVT LTD,"42,769","38,869","44,226","44,066","48,979","46,397","43,520","47,597","44,373","50,200","53,802","39,968","5,44,766"
479,INDICON AGRO INDUSTRIES LLP,4,0,0,0,1,0,0,0,0,1,0,0,6
480,INDITAL CONSTRUCTION MACHINERY,2,0,1,0,0,2,2,0,0,0,0,1,8
481,INDO FARM EQUIPMENT LIMITED,369,369,504,396,416,387,327,372,245,326,288,298,"4,297"
482,INDRA TRAILORS,0,0,1,0,0,0,0,0,0,0,1,0,2
483,INDUS ELECTROTHERM INDIA LTD,7,2,2,0,3,1,1,1,0,0,1,2,20
484,INTERNATIONAL CARS & MOTORS LIMITED,0,1,3,0,1,0,0,2,2,2,2,4,17
485,INTERNATIONAL TRACTORS LIMITED,"9,130","7,273","9,303","6,340","7,067","7,837","9,095","7,294","6,786","6,516","9,689","9,729","96,059"
486,INVVIGORS INDIA,0,0,0,0,0,0,1,0,3,2,0,4,10
487,IPRA AGRO LTD,0,0,0,0,0,1,0,0,0,0,0,0,1
488,IRA EDUTECH PVT LTD,8,4,19,15,13,12,7,6,1,6,5,2,98
489,ISHWAR FARMLINE EQUIPMENTS,2,1,0,0,0,0,0,0,0,0,0,0,3
490,ISHWAR FARMLINE EQUIPMENTS PRIVATE LIMITED,0,0,0,0,2,0,3,1,2,2,7,11,28
491,ISHWAR FARMLINE EQUIPMENTS PVT LTD,5,1,2,0,0,0,0,0,1,1,0,7,17
492,ISUZU MOTORS INDIA PVT LTD,268,183,198,174,157,156,121,132,136,132,141,149,"1,947"
493,"ISWAR ENGINEERING,DUNGRIPALI",0,0,1,0,0,0,0,0,0,0,0,0,1
494,IVOOMI INNOVATION PVT LTD,0,0,0,0,0,6,10,31,54,169,211,146,627
495,IZANAU ELECTRIC LLP,0,0,1,1,3,4,0,1,2,9,4,7,32
496,JADE KOREA SPINE LIFE,5,1,0,1,1,1,0,0,3,1,0,7,20
497,JADHAV AGRO INDUSTRIES PVT. LTD.,23,12,7,3,0,6,1,1,6,10,0,0,69
498,JAGADAMBA TRAILER,0,3,0,0,0,1,0,1,0,0,3,0,8
499,"JAGANATH AGRL IMPLEMENTS,BOUDH",1,2,1,0,0,0,0,0,0,0,0,0,4
500,JAGDISH ENGINEERING WORKSHOP,0,0,0,0,0,1,1,0,0,0,0,0,2
501,JAGUAR LAND ROVER INDIA LIMITED,148,108,117,120,132,180,181,170,178,178,171,179,"1,862"
502,JAI AMBE FABRICATION & ENGINEERING WORK,0,0,0,0,1,1,1,1,0,0,0,2,6
503,JAI BHAVANI ENGINEERING  WORKS,34,42,141,51,54,47,44,13,29,29,5,1,490
504,JAI BHAVANI INDUSTRIES,0,1,1,0,1,0,0,1,2,0,0,0,6
505,JAIDKA POWER SYSTEMS PVT LTD,35,28,27,24,77,41,125,69,79,40,55,37,637
506,JAI DURGA TRAILERS,0,0,0,0,0,0,1,0,0,0,0,0,1
507,JAIN POWER CORP,4,3,8,4,3,2,0,3,9,11,7,12,66
508,JAISIK BUSINESS LINKS PVT LTD,20,33,23,1,4,15,36,21,16,19,16,20,224
509,JAJODIA COMMODITIES PVT LTD,3,68,19,16,10,23,24,31,60,31,71,40,396
510,JANTA AGRICULTURE WORKS,3,0,1,5,5,0,5,0,0,6,0,0,25
511,JANTA SUPER TRAILOR,2,1,2,2,1,0,0,0,0,1,0,0,9
512,JAVA MOTORS LTD,0,0,0,0,1,0,0,0,0,0,0,0,1
513,JAYADRI STEEL INDUSTRIES,0,0,0,1,0,0,0,0,0,0,0,0,1
514,JAY AGRO INDUSTRIES,5,8,9,8,1,5,0,4,5,6,4,1,56
515,JAY BHART TRAILOR SERVICES,0,1,0,0,0,0,0,0,1,0,0,0,2
516,JAY BHAVANI TRAILOR,18,20,7,3,3,4,14,1,6,0,6,1,83
517,JAYDEV ENTERPRISE,5,5,5,4,0,1,0,1,0,0,0,2,23
518,JAY JANARDAN TRAILOR,0,0,0,5,3,0,0,0,0,0,0,0,8
519,JAY JANARDHAN A.T EQUIPMENTS,0,1,0,0,0,0,0,0,0,0,0,1,2
520,JAY SHREE BALAJI ENG WORKS,0,0,0,0,0,0,1,0,0,0,0,0,1
521,JBM AUTO LIMITED,56,115,65,108,87,2,44,34,16,25,36,8,596
522,J.C. BAMFORD EXCAVATORS LIMITED,0,0,2,1,1,1,0,0,1,0,0,0,6
523,JCB INDIA LIMITED,"1,940","1,995","2,340","2,175","1,899","2,030","1,711","1,573","2,010","2,814","2,845","2,569","25,901"
524,JCB INDIA LTD,87,80,136,87,109,83,72,72,107,95,141,247,"1,316"
525,JCBL LIMITED,0,1,0,0,0,0,0,0,0,0,0,0,1
526,JEEP CHEROKEE,0,0,0,1,0,0,1,0,0,0,0,0,2
527,JEET AGRO INDUSTRIES,3,4,2,7,0,2,0,1,3,0,0,0,22
528,"JENA ENGINEERING WS,PURI",0,1,1,0,0,0,0,0,0,0,0,0,2
529,JESSUN TECHNO PVT LTD,23,12,12,28,3,9,5,10,8,11,10,24,155
530,JIANGSU AIMA (IMPORTER: QUANTUM ENERGY),0,0,0,0,0,0,0,0,0,3,9,19,31
531,JIANGSU SUNHOU (IMPORTER: SABOO TOR),0,0,0,0,0,0,0,0,0,0,0,1,1
532,JIANGSU XINRI E-VEHICLE(IMPORTER SWIFT CUR.TECH.),2,2,3,6,0,4,2,1,5,4,7,5,41
533,JIANGSU XINRI (IMPORTER: NISIKI TECHNOLOGIES),0,0,0,1,1,5,1,0,1,3,0,0,12
534,JIANGSU ZHEENAIDA (IMPORTER: KLB GLOBAL),0,0,0,0,6,34,45,58,64,76,116,97,496
535,JINING HENGWANG CONSTRUCTION MACHINERY CO. LTD,0,0,0,0,0,0,0,0,0,0,1,0,1
536,JITENDRA NEW EV-TECH PVT. LTD,538,589,"1,059",941,656,580,882,659,670,"1,115","1,261",669,"9,619"
537,JITENDRA TEMPO PARTS,68,49,63,64,49,64,51,79,66,40,63,24,680
538,JIWAN AGRICULTURAL IMPLEMENTS WORKSHOP CIS LTD,0,0,0,2,2,0,0,0,2,1,0,3,10
539,JIWAN AGRI IMPLEMENTS WORKSHOP,1,0,0,0,0,0,0,0,0,0,0,1,2
540,J K AGRO INDUSTRIES,1,2,6,0,2,1,0,1,0,1,3,6,23
541,J K AMO-PAPERS & CO,1,0,1,0,0,0,0,0,0,0,1,0,3
542,JOHN DEERE INDIA PVT LTD(CROP SOLUTION DIV),17,36,30,26,5,3,8,3,5,3,0,1,137
543,JOHN DEERE INDIA  PVT LTD(TRACTOR DEVISION),"5,883","5,262","6,649","4,504","4,748","5,427","5,717","4,845","4,707","4,662","5,489","6,569","64,462"
544,JOHNSON TRACTORS & MOTORS PVT. LTD.,0,0,0,0,0,0,0,1,0,0,0,0,1
545,JOSTS ENGINEERING COMPANY LIMITED,3,0,1,0,0,0,0,0,0,0,0,0,4
546,JOYRAM STEEL FABRICATION WORKS,0,0,0,0,0,1,0,0,2,0,0,0,3
547,J P AUTO TECH,4,2,5,3,4,15,6,14,10,7,9,3,82
548,JP INDUSTRIES,16,69,70,2,1,2,0,1,0,0,0,0,161
549,J S AGRO INDUSTRIES,3,3,20,7,5,10,5,8,14,1,0,12,88
550,J. S. AUTO (P) LTD,556,455,557,520,639,643,895,899,803,774,927,680,"8,348"
551,J S MOBILEON PVT LTD,0,0,0,0,0,0,0,0,0,0,0,6,6
552,JS MOBILEON PVT LTD,3,26,10,7,9,2,40,36,46,42,58,27,306
553,JSW MG MOTOR INDIA PVT LTD,"3,457","3,720","3,695","2,908","2,847","3,500","3,145","3,434","3,148","3,814","3,813","3,135","40,616"
554,JUNENG MOTORCYCLE (IMPORTER: ADMS MARKETING),0,0,0,0,0,0,0,0,0,0,3,6,9
555,JUNENG MOTORCYCLE (IMPORTER: ISCOOT MOTERS),0,0,0,0,0,0,0,0,4,12,10,11,37
556,KABIRA MOBILITY LLP,2,0,5,6,3,8,11,11,16,17,7,21,107
557,KABMAX ELECTRIC AUTOMOBILES PVT. LTD,10,9,4,22,10,5,20,35,32,45,48,23,263
558,KALIKA VAHAN PVT LTD,0,1,1,0,0,0,0,0,0,0,0,0,2
559,"KALINGA AGRO INDUSTRIES ,PIPILI,PURI.",0,0,0,0,1,0,0,0,1,0,0,1,3
560,KALINGA VENTURES INDIA PVT LTD,30,0,20,0,9,5,20,3,16,7,0,0,110
561,KALPVRIKSH ELECTOMOBILES CO,9,4,4,4,24,18,7,6,8,11,21,20,136
562,KALYANI AGRO IMPLIMENTS,3,0,1,2,0,1,0,1,1,0,0,0,9
563,KAMAL AGRO INDUSTRIES,0,0,0,0,1,1,0,0,0,1,0,0,3
564,KAMAZ INDUSTRIES,2,5,3,1,4,3,2,1,2,7,6,25,61
565,KAPTECH INDIA PVT LTD,73,78,82,37,57,96,137,172,260,163,172,106,"1,433"
566,KARBRO AGRO TECH,0,0,0,0,0,2,0,0,0,0,0,0,2
567,KARMA MECHANICAL WORKS,2,9,4,1,5,3,2,3,1,1,2,3,36
568,KARTAR AGRO INDUSTRIES PVT LTD,80,139,194,79,85,37,39,47,81,39,57,122,999
569,KARTAR TRACTORS PRIVATE LIMITED,0,0,1,0,2,1,2,1,0,3,15,9,34
570,KAWASAKI HEAVY INDUSTRIES LTD,0,0,0,0,0,0,1,0,0,2,2,0,5
571,KCAS ELECTRIC VEHICLES PVT LTD,0,0,0,0,0,0,0,0,4,20,10,13,47
572,K D AGRO INDUSTRIES,0,5,11,6,3,1,0,1,1,0,2,2,32
573,KEDAR AGRICULTURE WORKS,0,0,1,0,0,0,0,0,0,0,0,0,1
574,KERALA AUTOMOBILES LIMITED,2,5,7,7,3,4,0,0,1,0,1,2,32
575,KESAR ROAD EQUIPMENTS(I) PVT LTD,0,0,0,0,0,0,0,0,0,0,1,0,1
576,KETO MOTORS PVT LTD,29,24,1,0,1,0,1,20,1,1,16,36,130
577,KGN,11,8,4,35,30,34,43,39,49,19,23,28,323
578,KGN INDUSTRIES,5,7,2,6,2,3,8,5,6,0,0,31,75
579,"KHAGESWAR AUTO BUILD WORKS,HALADIAPADAR,BERHAMPUR,GANJAM",1,0,0,0,0,0,0,21,0,0,0,0,22
580,"KHAGESWAR AUTO E.WS,BERHAMPUR",0,0,1,0,0,0,0,0,0,0,0,0,1
581,KHALSA  AGRO INDUSTRIES,0,0,0,0,0,0,0,9,6,7,3,20,45
582,KHALSAE-VEHICLES PVT LTD,163,132,208,256,264,325,361,339,387,407,403,468,"3,713"
583,KHAN ENGINEERING WORKS,0,0,0,0,1,1,0,4,17,0,8,0,31
584,KHEMRAJ AUTOMOTIVE INDUSTRIES,0,0,0,1,0,1,0,0,0,0,0,0,2
585,KHUSHI AGRO ENGINEERING,2,1,0,1,0,2,2,0,1,0,0,1,10
586,KIA INDIA PRIVATE LIMITED,"10,115","14,049","17,878","17,457","17,920","19,187","18,597","20,358","19,111","22,953","19,930","18,487","2,16,042"
587,KIA MOTORS CORPN,2,0,1,0,1,0,0,0,0,0,0,1,5
588,KINETIC GREEN ENERGY & POWER SOLUTIONS LTD,147,98,155,125,123,215,199,259,391,615,"1,318","1,152","4,797"
589,KINETIC GREEN ENERGY P SOL LTD,15,26,27,22,29,37,26,46,44,32,45,37,386
590,KINETIC MOTOR COMPANY LIMITED,8,0,0,0,0,0,1,0,0,0,0,0,9
591,KION BAOLI (JIANGSU) FORKLIFT CO.LTD,0,1,0,0,0,1,0,0,0,0,0,0,2
592,KION INDIA PVT LTD,71,63,79,59,82,69,76,53,75,48,75,68,818
593,KIRAN AGRO EQUIPMENTS,0,0,1,0,0,0,0,0,0,0,0,0,1
594,KIRAN AUTOMOBILE INDUSTRY,0,0,0,0,0,0,0,0,0,0,0,10,10
595,KIRTI SOLAR LTD,13,14,34,14,9,3,0,0,8,2,1,4,102
596,KISAN ENGINEERING,3,4,0,3,0,0,1,0,1,0,1,0,13
597,KISAN ENGINEERING WORKS,10,5,10,5,5,1,5,8,2,7,8,1,67
598,KISSAN AGRO INDUSTRIES,2,5,2,2,2,2,1,2,0,2,1,2,23
599,KISSNA ENGG WORKS,0,2,2,1,0,2,0,0,1,0,2,1,11
600,KK INDUSTRIES,0,0,0,0,0,0,1,0,0,0,0,0,1
601,KLB KOMAKI PVT LTD,183,242,324,351,365,360,344,249,236,191,289,362,"3,496"
602,KOBELCO LTD.,0,0,2,0,1,1,0,0,0,0,0,0,4
603,KOMATSU INDIA PRIVATE LIMITED,0,0,0,1,0,0,0,0,0,0,0,0,1
604,KOMATSU LTD JAPAN,0,0,0,1,0,2,1,0,1,0,0,1,6
605,KONE CRANE SWEDEN,0,0,0,0,0,0,0,0,0,0,1,0,1
606,KPT INDUSTRIES LTD,0,3,0,2,1,0,0,0,0,0,0,3,9
607,KPT MOTORS,0,0,0,1,0,2,0,1,4,1,2,4,15
608,KRANTI AUTOMOBILES LTD,0,1,2,0,0,0,0,0,0,0,0,0,3
609,KREIDLER,1,0,0,0,0,0,0,0,0,0,0,0,1
610,KRISHI ENGINEERING WORKS,0,0,0,0,0,0,0,0,0,0,0,3,3
611,KRISHNA AGRO ENGI,0,0,0,4,4,3,3,4,0,0,0,4,22
612,KRISHNA ENGINEERING WORKS,50,53,57,39,57,33,52,80,68,69,78,50,686
613,KRISHNA INDUSTRIES,4,13,7,7,5,5,4,3,4,2,7,11,72
614,KRISHNA VEHICALS,1,4,7,10,13,27,12,14,6,16,18,34,162
615,KRUP P,0,0,0,1,0,0,0,0,0,0,1,0,2
616,KRUSHI KISAN TRAILORS,0,0,0,0,0,0,0,0,2,0,0,0,2
617,K S AGRICULTURAL  INDUSTRIES,2,3,12,1,0,0,0,0,0,1,2,1,22
618,K.S. AGRICULTURAL INDUSTRIES PVT. LTD,3,16,16,6,6,8,7,6,10,8,22,21,129
619,K.S. AGROTECH  PVT LTD,14,3,2,14,5,1,1,4,5,9,9,12,79
620,K T ENTERPRISES,8,24,13,27,14,30,22,55,27,16,31,25,292
621,KUBOTA AGRICULTURAL MACHINERY INDIA PVT.LTD.,"1,441","1,506","1,942","1,266","1,414","1,668","1,703","1,483","1,446","1,401","1,759","2,385","19,414"
622,KUKU AUTOMOTIVES,40,13,37,8,12,46,17,44,12,23,50,38,340
623,KULAR AGRO WORKS,3,0,8,3,5,1,2,5,4,3,1,4,39
624,KUMAR ENGINEERING,117,167,54,59,1,56,80,133,199,114,131,228,"1,339"
625,KUSHAL AGRO IND,0,1,3,1,0,0,0,0,0,0,0,0,5
626,K. V. INDUSTRIES,0,0,0,0,0,0,4,2,4,1,1,0,12
627,KYTE ENERGY PVT. LTD.,0,0,0,0,0,0,0,0,0,0,0,18,18
628,LAISH MADISON MOTOR WORKS PVT LTD,0,0,1,0,0,0,0,0,0,0,0,0,1
629,LAKSHMI AUTO TRADERS,1,1,1,3,0,1,0,0,0,0,1,2,10
630,LAKSHMI MOTORS,0,0,0,0,0,0,1,0,0,0,0,2,3
631,LAKSHYA AUTO SALES CORPORATION,11,2,12,6,3,11,14,20,16,16,17,10,138
632,LAKSHYA MOTORS,1,0,0,0,1,1,2,4,0,0,0,0,9
633,LAL AGRO INDUSTRIES,0,0,1,0,0,1,2,0,1,0,0,0,5
634,LAL CHAND AGRICULTURE WORKS,1,0,5,1,1,2,0,0,0,2,1,0,13
635,LAMBORGHINI,1,0,0,1,0,0,1,0,0,0,0,0,3
636,LAWAT MOTORS LLP,20,52,37,18,26,50,25,21,18,26,24,79,396
637,LAXMI ENGINEERING WORKS,0,0,1,3,1,0,3,0,0,0,0,0,8
638,LAXMI E-RICKSHAW COMPANY,2,1,0,0,0,0,4,0,0,0,0,0,7
639,"LAXMI GOBINDA AGRO IND,BLS",2,0,2,2,5,1,1,0,1,0,2,0,16
640,L B AGRO PRODUCTS,0,0,3,14,11,12,0,0,0,0,1,4,45
641,LECTRIX E VEHICLES PVT LTD,207,178,349,963,745,"1,001",984,503,445,420,635,566,"6,996"
642,LEEBOY INDIA,0,0,0,0,0,0,0,0,0,0,1,0,1
643,LEXUS MOTORS LTD,0,0,1,0,0,0,0,0,0,0,0,0,1
644,LIEBHERR,6,6,2,4,0,2,1,1,0,3,0,5,30
645,LIEBHERR INDIA PVT LTD,0,0,11,6,9,2,0,2,1,0,1,3,35
646,LINDE,0,0,0,0,0,0,0,0,1,0,0,0,1
647,LIUGONG INDIA PVT. LTD,75,51,79,46,53,70,63,68,61,42,66,53,727
648,LIUGONG IND PVT LTD,1,2,1,1,2,1,4,0,1,1,0,1,15
649,LML LIMITED,2,0,0,0,0,1,0,3,0,0,0,0,6
650,LMP TRCTOR PVT LTD,1,0,0,0,0,0,0,0,0,0,0,0,1
651,LOCAL TRAILER MANUFACTURER,"3,708","3,966","4,721","3,503","2,907","3,904","4,038","3,299","4,185","3,897","4,841","4,584","47,553"
652,LOHIA AUTO INDUSTRIES,85,97,82,131,124,108,144,146,151,139,194,121,"1,522"
653,LOHIA AUTO INDUSTRIES LTD.,2,2,22,8,17,28,24,10,13,29,30,29,214
654,LORDS VEHICLE MFG PVT LTD,3,3,8,0,6,8,11,19,22,3,15,16,114
655,LOTAY AGRO TECH,1,0,0,0,0,0,2,1,3,0,0,2,9
656,LOTEY AGRICULTURE WORKS,0,1,6,2,0,0,0,2,2,2,0,2,17
657,LOTEY INDUSTRY,0,0,1,2,0,0,0,0,0,0,0,1,4
658,LOTUS CARS,0,0,0,0,0,0,0,0,0,0,1,0,1
659,LOVEJEET AGRO INDUSTRY,0,1,3,0,5,4,2,2,6,1,5,5,34
660,L & T CASE EQUIPMENT PVT LTD,6,1,6,4,1,7,1,3,3,1,3,2,38
661,L&T CONSTRUCTION EQUIPMENT LIMITED,23,27,26,18,27,30,32,21,19,14,24,36,297
662,L&T CONSTRUCTION MACHINERY LIMITED,0,0,0,1,0,0,0,0,0,0,0,0,1
663,M2GO ELECTRIC VEHICLE PVT LTD,0,0,1,0,2,0,0,0,0,0,0,1,4
664,M2J E VAHAN PVT LTD,2,10,6,0,3,5,13,0,8,3,0,0,50
665,MAA ADISHAKTI ENGINEERING,0,1,0,0,1,1,0,1,0,1,0,0,5
666,MAA ENGINEERING TRAILOR,11,11,14,17,10,4,6,13,8,6,8,7,115
667,MAA JAGADHATRI ENGINEERING WORKS,0,0,0,0,0,0,0,0,0,0,0,1,1
668,MAA KALPANA ENTERPRISE,3,2,2,0,1,1,1,0,0,0,0,7,17
669,MAA LUXMI E-VEHICLES PVT. LTD.,0,0,0,0,0,0,8,3,6,0,0,1,18
670,"MAA MANGALA ENGG,CTC",0,0,10,4,0,0,0,1,1,1,1,0,18
671,"MAA MANGALA ENTERPRISES,SNG",0,1,0,4,1,4,0,1,4,3,1,1,20
672,"MAA MANGALA MOTORS & ENGG,RKL",9,4,1,6,1,0,2,0,0,3,7,0,33
673,MAA SANTOSHI ENGG  KALAHANDI,0,1,0,0,1,0,0,0,1,0,1,0,4
674,MAA SHAKTI EXIM PVT LTD,200,199,228,143,182,245,304,273,305,248,315,223,"2,865"
675,MAA TARINI ENGINEERING,1,8,3,4,5,6,2,0,0,2,4,0,35
676,MAC AUTO INDIA,12,185,81,9,34,21,10,49,14,20,9,26,470
677,MAC INTERNATIONAL (IMPORTER: SEEKA E MOTORS),0,0,0,0,0,0,0,1,1,0,0,0,2
678,MACNEILL ENGINEERING LIMITED,0,0,0,0,0,0,0,0,1,0,0,0,1
679,MACONS EQUIPMENTS PVT LTD,1,0,0,0,1,1,0,1,1,0,1,3,9
680,MADHU AUTOMOBILES LTD,2,5,3,1,4,2,3,2,1,1,1,2,27
681,MAHABIR INDUSTRIES,2,3,0,5,5,0,2,0,2,2,2,1,24
682,MAHALAXMI ENGINEERING WORKS,0,1,0,0,0,0,0,0,0,0,0,0,1
683,MAHAVIR AGRO EQUIPMENTS,0,1,0,1,0,0,0,1,1,0,0,0,4
684,MAHAVIR TRACTOR AND IMPLEMENTS,1,0,1,0,3,8,0,1,16,13,1,4,48
685,MAHESH ENGINEERING WORKS,0,0,0,0,2,1,1,0,0,1,0,2,7
686,MAHI ENTERPRISES,9,2,0,6,5,4,10,7,3,14,13,7,80
687,MAHINDRA DEFENCE SYSTEMS LTD,0,2,6,0,0,4,1,4,0,3,4,3,27
688,MAHINDRA ELECTRIC MOBILITY LIMITED,927,796,"1,253","1,111","1,134","1,240","1,222","1,416","1,743","1,643","1,742","1,856","16,083"
689,MAHINDRA GUJARAT TRACTOR LIMITED,3,0,0,2,1,0,0,1,2,0,0,0,9
690,MAHINDRA & MAHINDRA LIMITED,"39,840","37,262","47,577","45,232","41,997","42,957","44,958","48,962","46,052","57,015","54,633","48,631","5,55,116"
691,MAHINDRA & MAHINDRA LIMITED (SWARAJ DIVISION),"9,340","8,428","10,803","8,078","8,797","9,653","10,551","8,184","8,784","9,491","13,250","12,927","1,18,286"
692,MAHINDRA & MAHINDRA LIMITED (TRACTOR),"13,015","11,381","14,116","10,714","11,978","13,204","14,313","11,701","12,770","13,027","19,099","19,382","1,64,700"
693,MAHINDRA & MAHINDRA LTD FARM MACHINERY DIVISION,0,0,0,0,0,0,0,0,1,0,0,0,1
694,MAHINDRA TWO WHEELERS LTD,0,0,0,0,1,0,2,1,1,0,0,0,5
695,MAHINDRA VEHICLE MANUFACTURER LIMITED,1,0,0,0,0,0,0,0,1,1,0,0,3
696,MAHTAB BODY MAKER,13,12,8,5,3,10,11,24,29,21,25,25,186
697,MAIT S.P.A,1,0,1,0,0,0,0,0,0,0,0,0,2
698,MAJESTIC AUTO LTD,1,0,0,0,0,1,0,0,0,0,0,0,2
699,MALI ENTERPRISES PVT LTD,15,7,6,2,5,15,26,24,15,6,8,4,133
700,MALIK ENGINEERING WORKS,0,0,1,2,2,0,2,0,1,2,0,0,10
701,MALKIT AGRO INDUSTRIES,0,1,0,0,0,0,0,0,0,0,0,0,1
702,MALKIT AGRO TECH PVT. LTD,26,51,35,22,22,19,31,55,46,21,29,58,415
703,MANISH EV INTERNATIONAL PRIVATE LIMITED,8,5,7,8,8,7,1,14,33,24,34,24,173
704,MANITA CITY MOTORS LLP,35,33,77,52,78,80,82,97,89,51,114,66,854
705,MANITOU EQUIPMENT INDIA PVT LTD,32,31,37,20,26,40,26,26,32,39,41,31,381
706,MANITOWOC INDIA LIMITED,0,0,0,0,0,0,0,0,0,1,0,0,1
707,MANJIT AGRO WORKS,0,0,1,0,1,0,0,0,1,0,0,0,3
708,MANKU AGRO TECH PVT LTD,13,109,211,84,83,42,74,65,93,46,119,179,"1,118"
709,MANKU AGRO TECH. PVT. LTD.,21,45,116,10,12,1,0,1,2,2,2,0,212
710,MANMOHAN KAUR,0,1,4,1,0,4,11,0,2,7,8,1,39
711,MANPREET AGRO INDUSTIRES NABHA,1,0,0,0,0,0,0,0,0,0,0,1,2
712,MANPREET AGRO INDUSTRIES,0,0,6,3,3,1,0,3,2,0,0,2,20
713,MAN TRUCKS INDIA PVT. LTD.,0,0,0,0,1,0,1,0,0,0,0,1,3
714,MARATHWADA KRUSHI UDYOG,0,0,0,0,0,0,1,0,0,0,0,0,1
715,MARATHWADA QUALITY TRAILER,6,2,21,9,6,6,1,4,10,18,4,0,87
716,MARINE NAVAIDS & SOLAR AUTO PVT LTD,1,0,0,0,2,2,4,1,2,0,2,0,14
717,MARKUS,0,0,0,0,0,0,0,0,0,0,2,0,2
718,MARSHAL TRACTOR & FARM EQUIPMENTS,0,0,0,1,0,0,0,0,0,0,0,0,1
719,MARTHWADA TRALIOR,3,0,0,0,0,0,0,0,0,0,2,7,12
720,MARUTHISAN PVT LTD,0,3,4,1,5,14,8,7,7,8,8,19,84
721,MARUTI INDUSTRIES,0,0,0,1,0,0,0,0,1,0,0,0,2
722,MARUTI SUZUKI INDIA LTD,"1,35,100","1,14,608","1,24,119","1,18,902","1,23,525","1,18,968","1,09,858","1,19,608","1,14,356","1,53,586","1,29,395","1,21,421","14,83,446"
723,MARUTI UDYOG LTD,44,40,56,38,40,35,46,52,28,33,39,24,475
724,MASERATI S.P.A,4,1,1,0,0,4,4,2,3,0,2,3,24
725,MASSEY FERGUSON LTD,80,38,77,17,41,43,92,70,6,0,9,0,473
726,MATCHLESS,1,0,0,0,0,0,0,0,0,0,0,0,1
727,MATHAROO BROTHERS AGRO TECH PVT LTD,0,0,0,0,0,0,0,0,0,0,0,1,1
728,MATHARU AGRO TECH,0,0,1,0,0,1,0,0,1,0,0,0,3
729,MATHARU ENGINEERING AGRI WORKS,1,4,3,6,3,1,1,2,2,1,4,3,31
730,MATHARU ENGINEERING WORKS,0,2,6,2,1,0,2,1,3,1,1,3,22
731,MAULIRAJ INDUSTRIES LLP,0,0,0,0,0,0,0,0,0,2,0,0,2
732,"MAYUR ENTERPRISES,BARIPADA",1,16,12,7,6,4,1,2,0,3,6,11,69
733,MB AGRO INDUSTRIES,0,0,2,1,1,1,0,0,1,0,1,0,7
734,MCLAREN AUTOMOTIVE (IMPORTER: INFINITY CARS),1,1,1,0,1,2,1,0,1,1,1,1,11
735,MEHAR AGRO ENGINEERING,0,0,0,0,0,0,2,3,1,0,0,0,6
736,MEHER FABRIC WORKS,0,0,0,1,0,0,0,0,0,0,1,3,5
737,MEHER TRAILERS PVT LTD,1,0,4,4,2,6,3,6,7,2,0,1,36
738,MERCEDES -BENZ AG,18,19,20,27,37,31,34,36,37,30,41,35,365
739,MERCEDES-BENZ INDIA PVT LTD,"1,016","1,012","1,314","1,033","1,023",948,"1,033","1,027","1,085","1,243","1,158","1,342","13,234"
740,MEW ELECTRICALS LIMITED,358,358,489,444,364,298,260,204,197,106,88,49,"3,215"
741,MG AUTOMOTIVES (BUS & COACH) PVT LTD,0,0,0,0,0,0,0,0,0,2,0,0,2
742,M G INDUSTRIES,0,0,3,7,2,8,5,13,4,7,7,8,64
743,M H AGRICULTURE WORKS,0,3,6,2,1,1,0,0,1,0,3,3,20
744,MIC INDUSTRIES INC,0,0,0,0,0,0,0,0,0,0,0,1,1
745,MINI METRO,24,23,23,35,29,29,47,52,27,34,39,22,384
746,MINI METRO EV L.L.P,465,530,643,638,752,936,"1,048",982,"1,167","1,197","1,231",900,"10,489"
747,MINSK TRACTOR (IMPORTER: ERISHA AGRITECH),0,0,1,4,1,1,3,7,4,0,0,0,21
748,MIRAKLE 5 AUTOMOBILES PVT LTD,0,0,0,0,0,0,0,0,2,6,3,7,18
749,MITSUBISHI MOTORS CORPORATION,0,1,1,0,0,0,0,0,1,5,0,0,8
750,M K BROTHERS,0,0,0,0,0,0,0,0,0,0,2,0,2
751,M K ENTERPRISES,0,1,1,0,0,0,0,0,0,0,0,0,2
752,M.K. ENTERPRISES,34,40,49,28,27,32,56,29,50,74,37,21,477
753,MLR AUTO LTD,17,33,30,63,81,77,78,88,106,82,104,87,846
754,MLR MOTORS PVT LTD,1,0,0,0,0,0,0,0,0,0,1,1,3
755,MODERN  AGRO  INDUSTRIES,0,0,3,0,0,1,1,0,0,0,0,0,5
756,MODERN INDUSTRIES,7,11,0,0,0,0,0,0,0,0,0,0,18
757,MOHAN GENERAL TRADING COMPANY,4,3,9,1,1,0,1,0,0,1,6,0,26
758,MOHIT INDUSTRIES,0,1,2,0,0,2,0,0,0,0,0,0,5
759,MONDAL TRADING,0,0,0,0,0,0,0,0,0,0,0,2,2
760,MOON AGRICULTURE & FABRICATION WORKS,0,0,0,0,0,0,0,0,0,0,0,2,2
761,MOTOROYALE KINETIC PRIVATE LIMITED,8,0,0,0,0,0,0,0,1,0,0,1,10
762,MOTRAC MOTORS PVT LTD,10,0,7,1,1,1,1,0,0,2,0,0,23
763,MOVE STONE SERVICES PVT LTD,7,2,2,13,28,41,74,120,91,135,176,136,825
764,M S AGRO INDUSTRIES,3,14,16,7,3,5,2,4,6,5,0,5,70
765,"M/S AJAY ENGINEERING WORKS EQUIPMENTS PVT LTD ,SAMBALPUR",1,4,1,4,0,0,3,0,4,1,2,4,24
766,M/S ASHOKA INDUSTRIES,9,6,7,2,3,3,3,0,1,1,0,2,37
767,M/S BHARAT TRAILERS,15,10,10,18,7,10,9,9,9,29,16,7,149
768,M/S CHAITANYA AGROS INDUSTRY AP312714372,0,0,0,0,0,1,0,0,0,0,0,0,1
769,"M/S CHUDHURY ENGG. WORKS,BAMRA,SAMBALPUR",0,0,0,0,0,0,0,0,0,0,1,0,1
770,M/S FAMOUS FABRICATORS,1,0,0,0,0,0,0,0,0,0,0,0,1
771,"M/S FARMAX EQUIPMENTS, SAMBALPUR",0,0,0,0,1,0,0,1,0,0,0,0,2
772,"M/S. GURUMAN ENTERPRISES, BHAWANIPATNA",0,0,0,0,0,0,0,0,0,1,0,0,1
773,M/S HOTA AGRO (TRAILER),0,0,0,6,1,0,0,0,3,1,0,0,11
774,M/S HOTA AGRO (WATER TANKER),0,0,1,0,0,0,0,0,0,0,0,0,1
775,M/S IRA INDUSTRIES,1,0,0,0,0,0,0,0,0,0,0,0,1
776,M/S JASRAJ AUTO AGENCY,0,0,0,2,5,5,5,0,0,0,0,0,17
777,M/S KASTKAR AGRO INDUSTRIES,8,9,10,3,1,1,2,0,6,3,7,12,62
778,M/S KISHAN TRACTOR,0,0,0,0,0,0,0,0,0,0,0,1,1
779,M/S K K AGRO INDUSTRIES,3,2,5,6,3,0,3,0,0,2,3,2,29
780,M/S LAKSHMI ENGINEERING WORKS,1,1,0,0,0,1,1,0,0,0,0,1,5
781,M/S LOHIYA AGRO INDUSTRIES,3,1,0,4,4,0,0,0,1,1,0,0,14
782,M/S MAA MANGALA INDUSTRIES,4,14,15,3,3,9,3,2,6,1,1,12,73
783,M/S NATIONAL STEEL AND WIRE PRODUCTS SAMBALPUR,0,0,0,0,0,0,1,0,0,0,1,2,4
784,M/S NELATARA FABRICATION,0,0,0,0,1,0,0,0,0,0,0,0,1
785,M/S NEW SHETKARI ENGINEERING WORK,2,5,11,4,8,3,0,3,6,1,1,1,45
786,M/S NEW SHIV SHAKTI TRAILORS,1,3,2,2,0,2,0,0,3,0,2,0,15
787,"M/S PATEL & SONS ENGINEERING WORKS,SAMBALPUR",0,2,2,0,0,1,1,0,1,1,0,2,10
788,"M/S PERFECT TECHNOCRAFTS & ENGINEERING,KENDRAPARA",2,0,1,0,0,0,0,0,0,0,0,0,3
789,M/S POWER TECH TECHNOLOGY,0,1,0,0,0,1,0,0,0,1,1,0,4
790,M/S PRADHAN AGRO ENGINEERING,1,2,0,0,0,0,0,0,0,0,0,0,3
791,M/S RAM AGRO MACHINARY,7,3,2,3,4,2,0,0,1,2,4,4,32
792,M/S R.K. ENGINEERING WORKS,0,0,0,0,0,0,0,0,0,2,0,1,3
793,M/S SAI AUTO ENGINEERING WORKS,5,0,0,2,1,0,1,1,0,0,2,0,12
794,M/S. SANJUKTA AGRO MART,1,0,0,2,1,1,0,0,0,0,0,1,6
795,M/S SARANGI MOTROS,1,33,10,17,16,10,6,17,8,9,16,6,149
796,M/S SCHWING STETTER (INDIA) PRIVATE LIMITED,33,40,41,52,54,58,61,48,36,49,55,61,588
797,M/S-SHRADHA INDUSTRIES,2,2,2,1,4,2,2,0,4,2,3,1,25
798,M/S SHREE SHYAM AGRO PRODUCTS,0,0,0,0,0,0,1,0,0,0,1,1,3
799,M/S SHRI DATTA WELDING WORKS,0,0,0,0,0,0,0,0,0,4,0,0,4
800,M/S SHRIRAM AUTO TECH PVT LTD,66,45,87,118,131,154,241,260,254,292,308,291,"2,247"
801,M/S SHUBHADA ENTERPRISE,0,0,2,1,0,0,0,0,0,0,0,0,3
802,"M/S.SOURAV ENTERPRISES,BHAWANIPATNA",0,0,2,0,0,0,0,0,0,0,0,0,2
803,M/S SRI BALAKRISHNA FOUNDRY&MECH WORKS AP178701111,0,0,0,0,0,1,0,0,0,0,0,0,1
804,"M/S SRI LAKSHMI GANAPATHI ENG WORKS,EG AP514553750",0,1,0,0,0,1,0,0,0,0,0,0,2
805,M/S SRISHTI AUTOMOBILES,0,1,1,0,0,1,0,0,0,2,0,0,5
806,"M/S SUBHAM ENGINEERING WORKSHOP, BALIAPAL, BALASORE",2,6,7,6,6,3,3,2,6,2,6,5,54
807,M/S SUPERIOR MANUFACTURING COMPANY,6,3,6,5,2,2,1,6,4,4,3,5,47
808,"M/S. VENKAT ENGINEERING WORKS, JAIPATNA",3,1,3,5,1,0,1,0,0,0,0,1,15
809,M/S VISHNU CLEAN ENERGY VEHICLES LLP,0,0,0,0,0,0,4,2,2,3,0,0,11
810,M/S YOGIRAJ ENGINEERING COMPANY,2,0,0,0,2,0,0,0,0,0,0,0,4
811,MULAG,1,0,0,0,0,0,0,0,0,0,0,0,1
812,MULTI DIMENSIONAL SOLUTIONS,0,2,5,0,3,0,0,0,0,0,0,0,10
813,MUNDE MECHANICAL WORKS,2,3,4,3,1,4,4,1,4,1,0,4,31
814,MV AGUSTA INDIA PVT LTD,0,0,0,0,0,0,0,0,0,0,0,1,1
815,MVM MOTORS PRIVATE LIMITED,0,0,0,0,0,0,0,0,0,0,1,0,1
816,MYTRAH MOBILITY PVT LTD,0,0,0,0,2,8,1,0,6,12,1,4,34
817,N0VA AUTOMOTIVE TECHNOLOGIES PVT. LTD,67,37,41,71,114,105,116,124,208,183,333,324,"1,723"
818,NABHKIRAN AGRO INDUSTRIES,0,0,0,1,0,5,0,0,0,0,2,0,8
819,NABH MOTORS PVT LTD,1,0,0,0,0,0,1,8,0,0,1,1,12
820,NABINA WELDING,0,1,0,0,0,0,0,0,0,0,0,0,1
821,"NAIK TROLLEY AND IMPL,SNG",3,4,2,2,44,36,17,27,10,2,31,116,294
822,"NAIK TROLLEY&IMPLS,BHEDABAHAL",1,0,1,0,0,1,1,1,1,2,0,1,9
823,NAMAH INDUSTRIES PVT LTD,0,1,1,1,0,0,0,0,1,0,0,0,4
824,NARENDRA INDUSTRIES,0,0,0,0,0,0,0,1,0,0,0,0,1
825,NARINDERA AGRO WORKS,0,4,6,1,3,0,2,1,2,0,0,1,20
826,NATIONAL ENGG WORKS,0,1,0,0,0,0,0,0,0,0,0,0,1
827,NAZAR SINGH & SONS,0,3,8,0,0,2,0,3,3,0,1,4,24
828,NBC ENGINEERING PVT LTD,0,2,1,0,1,0,0,0,0,0,0,0,4
829,NDS ECO MOTORS PVT LTD,3,7,4,0,1,2,3,5,1,0,0,2,28
830,NEEDLE EYE PLASTIC INDUSTRIES PVT LTD,26,22,44,44,68,36,40,39,85,42,61,35,542
831,NEELAM CYCLE,0,0,0,0,0,0,0,0,0,0,0,8,8
832,NEW ARCANA INDIA,64,70,88,81,92,99,136,129,157,169,153,93,"1,331"
833,NEW DEVE AGRO WORKS,1,4,7,7,5,1,4,2,4,1,3,1,40
834,NEW DURGA ENGINEERING,13,2,2,1,0,1,0,0,2,0,0,0,21
835,NEW FRIENDS INDUSTRIES,0,0,2,0,1,0,0,0,1,0,0,0,4
836,NEW GAHIR AGRO INDUSTRIES,2,6,22,7,1,1,5,5,11,0,5,3,68
837,NEW GOLDEN AGRICULTURE,0,0,0,0,0,0,0,0,0,1,0,0,1
838,NEW GURDIAL AGRO INDUSTRIES,0,0,0,0,0,0,0,0,2,0,0,0,2
839,NEW GURDIAL AGRO INDUSTRIES PVT LTD,5,23,37,10,12,5,7,3,11,5,3,23,144
840,NEW HIND AGRO PVT LTD,3,5,11,1,4,1,2,2,1,0,0,3,33
841,NEW HOLLAND CONSTRUCTION EQUIPMENT(I) PVT.LTD.,2,1,5,3,0,2,0,2,0,0,3,3,21
842,NEW HOLLAND FIAT INDIA PVT. LTD.,157,180,177,115,145,162,214,150,3,4,9,5,"1,321"
843,NEW JANTA QUALITY TRAILOR,0,0,0,0,0,0,0,0,0,3,0,0,3
844,NEW KISAN ENGINEERING WORKS,3,3,1,0,1,0,1,0,2,1,1,0,13
845,NEW MALLIKARJUNA ENG WORKS,63,112,131,62,163,179,120,74,59,47,24,10,"1,044"
846,NEW MARTHWADA QUALITY TRAILOR,6,3,8,4,1,1,1,0,2,11,5,0,42
847,NEW SANGMESHWAR TRAILORS & ENGINEERING WORKS,0,1,0,0,0,0,0,0,0,0,0,1,2
848,NEW SUPER QUALITY TRAILOR,5,12,9,1,3,2,1,2,7,4,34,5,85
849,NEWTON INDIA INDUSTRIES PVT LTD,0,0,2,2,0,0,3,0,0,0,1,1,9
850,NEW VIKAS AGRICULTURE,0,0,1,0,0,0,0,0,0,0,0,0,1
851,NGAGE WHEEL PVT LTD,0,4,1,1,2,0,0,0,0,0,0,0,8
852,NHD MOTORS,12,24,34,14,10,33,33,22,25,25,15,42,289
853,NIBE MOTORS PVT LTD,0,1,16,1,1,0,0,0,0,0,0,0,19
854,NICOLAS INDUSTRIES,0,12,0,0,0,0,0,0,0,0,0,0,12
855,NIKHIL AGRO ENTERPRISE,0,1,0,0,0,0,0,0,0,1,0,0,2
856,NINGBO LONGJIA (IMPORTER: ADISHWAR AUTO),0,0,0,0,0,10,42,39,32,26,33,26,208
857,NIPUN SANYANTRA PVT LTD,58,47,49,43,50,56,50,70,53,28,50,15,569
858,NIRMAL BROTHER,5,11,7,10,13,7,14,0,0,0,0,0,67
859,NIRMAL UTILITY SERVICES PVT LTD,9,9,8,2,1,2,28,4,4,6,3,1,77
860,NISIKI TECHNOLOGIES PVT LTD,4,2,25,18,21,29,16,14,10,7,7,14,167
861,NISSAN MOTOR INDIA PVT LTD,"3,370","3,177","3,054","2,447","2,262","2,343","2,421","2,758","2,330","2,949","2,672","2,335","32,118"
862,N K INDUSTRIES,16,16,7,8,3,15,9,2,7,15,9,10,117
863,NRJ ELECTRIC MOTOR VEHICLES PVT LTD,136,209,115,61,104,95,107,165,161,146,149,115,"1,563"
864,N S AGRO WORKS,0,0,0,0,0,0,1,0,0,0,0,0,1
865,N.S. AGRO WORKS,1,2,8,6,2,1,2,0,4,2,1,1,30
866,NUMEROS MOTORS PVT LTD,0,0,3,2,20,58,0,0,101,25,28,98,335
867,ODYSSE ELECTRIC VEHICLES PVT LTD,17,24,33,26,17,10,45,41,30,34,19,17,313
868,OGATA MOTORS INDIA PVT LTD,7,19,8,5,7,12,5,18,1,42,10,26,160
869,OIL FIELD WAREHOUSE AND SERVICE LIMITED,4,0,0,0,3,0,0,0,0,0,0,0,7
870,OKAYA EV PVT LTD,0,0,0,0,19,760,"1,076",905,954,"1,968","1,784","1,448","8,914"
871,OKINAWA AUTOTECH PVT LTD,"5,739","6,124","8,588","11,343","9,649","7,221","8,396","8,758","8,499","14,952","9,070","5,282","1,03,621"
872,OK PLAY INDIA LTD,1,0,1,0,7,0,0,2,13,12,15,12,63
873,OLA ELECTRIC TECHNOLOGIES PVT LTD,"1,107","3,913","9,147","12,711","9,269","5,899","3,865","3,476","9,897","16,359","16,387","17,373","1,09,403"
874,OLECTRA GREENTECH LTD,25,69,18,30,61,52,65,53,49,21,44,31,518
875,OM BALAJEE AUTOMOBILE ( INDIA) PVT. LTD,162,180,183,168,160,221,401,281,370,288,299,217,"2,930"
876,OM BALAJI AUTOMOBILES I P LTD,3,1,1,0,2,1,0,0,0,0,5,6,19
877,OMEGA CONSTRUCTION EQUIPMENT PVT LTD,0,3,0,0,0,0,0,2,3,7,2,2,19
878,OMEGA SALES & AGRO INDUSTRIES,4,13,3,2,5,14,6,12,7,10,11,15,102
879,OMEGA SEIKI PVT LTD,180,108,313,186,256,133,214,108,156,201,475,601,"2,931"
880,OM. INDUSTRIES,1,0,0,0,0,0,0,0,0,0,0,0,1
881,OMJAY EV LIMITED,12,4,5,9,23,17,42,16,10,13,9,12,172
882,OMKAR  INDUSTRIES,0,0,1,3,1,1,3,0,0,0,0,0,9
883,OM PACKAGING,0,0,1,4,1,0,4,2,1,2,0,0,15
884,OM RAJ AUTOTECH LLP,133,65,100,48,130,97,92,131,119,91,110,51,"1,167"
885,OM SHREE SAI ENGINEERING,2,1,16,5,9,10,11,6,9,6,11,17,103
886,"OM TRAILORES,LATUR",0,3,1,0,1,0,0,0,0,0,0,0,5
887,"OM VINAYAK INDUSTRIES,BGH",0,2,1,2,1,0,1,0,0,0,0,0,7
888,ORDINANCE FACTORY,3,20,14,15,9,6,8,9,3,8,7,18,120
889,OTHERS,"34,708","33,694","34,881","35,866","33,673","20,152","9,732","8,701","9,393","8,577","4,591","3,288","2,37,256"
890,OZOTEC AUTOMOBILE PRIVATE LIMITED,0,0,0,0,0,0,0,0,0,4,42,47,93
891,PAARTH SARTHI AUTOMOTIVE ENGINEERS PVT LTD,2,5,6,1,0,1,1,0,2,1,3,1,23
892,PACE AGRO PRIVATE LIMITED,3,6,3,0,0,1,1,1,2,0,16,13,46
893,PADMAVATI ENGINEERING WORKS,0,0,0,0,0,0,3,0,0,0,0,0,3
894,PANESAR AGRICULTURE INDUSTRIES,0,0,0,0,0,4,2,0,0,0,0,0,6
895,PANESAR AGRO TECH,0,0,4,0,1,0,1,1,1,15,12,12,47
896,PANKAJ ENGINEERING WORKS,0,0,0,0,0,1,0,0,0,0,0,0,1
897,PANTHER ELECTRIC VEHICLES,10,5,7,9,8,6,3,3,1,2,12,0,66
898,PARAG AGRO,0,0,0,0,0,0,0,0,0,0,0,4,4
899,PARAMOUNT AUTOMOTIVES,5,6,3,8,3,3,5,6,3,2,6,4,54
900,PARAS INDUSTRIES,56,42,57,63,82,141,80,132,146,120,111,116,"1,146"
901,PARDEEP AGRO INDUSTRIES,1,3,4,3,2,0,0,1,2,0,1,3,20
902,PARI E-VEHICLES,22,17,25,24,29,46,47,48,59,35,88,44,484
903,PARI METRO E RICKSHAW,49,39,50,62,36,66,68,88,87,76,71,14,706
904,PARVEEN AUTO,0,0,1,0,0,0,0,0,0,0,0,0,1
905,PASHUPATI VEHICLES PVT LTD,0,0,0,1,0,0,0,0,0,0,0,0,1
906,PATEL INDUSTRIES,0,2,0,0,0,1,0,0,0,0,2,3,8
907,PATEL SALES AGENCY,1,0,0,0,0,0,0,0,0,0,0,0,1
908,PATS MOTOR CORP,2,1,4,3,4,2,1,0,4,0,3,0,24
909,PAUL INDUSTRIES,0,0,0,0,0,0,0,0,1,0,0,2,3
910,PAUNIYA TRACTORS AND FARM EQUIPMENT PVT LTD,0,0,0,1,0,2,0,0,0,0,0,2,5
911,PAVITHRA ENGINEERING WORKS,0,0,1,0,0,0,0,0,1,0,0,1,3
912,P B NATIONAL AGRICULTURE WORKS,1,0,0,0,0,0,1,0,0,0,1,0,3
913,PCA AUTOMOBILES INDIA PVT LTD,55,32,34,45,36,59,52,526,725,741,644,644,"3,593"
914,PEUGEOT LTD,0,0,0,0,0,0,1,0,0,0,0,0,1
915,PIAGGIO VEHICLES PVT LTD,"9,230","8,753","9,793","9,660","9,002","8,729","8,076","8,907","9,101","9,459","10,061","8,833","1,09,604"
916,PI BEAM LABS PRIVATE LIMITED,0,0,0,1,0,0,0,0,0,0,0,0,1
917,P KHARKONGOR STEEL FABRICATION,0,0,1,0,0,0,0,0,0,1,0,0,2
918,PLAUDIT TECHNO INDIA PVT LTD,9,1,7,5,3,1,0,4,2,1,1,0,34
919,P M DIESELS PVT LTD,7,10,4,0,3,1,7,8,11,22,12,2,87
920,PMI ELECTRO MOBILITY SOLUTIONS PRIVATE LIMITED,83,52,19,47,28,61,56,111,58,96,27,63,701
921,PODDAR INDUSTRIES,0,2,0,0,0,0,0,0,0,0,0,0,2
922,POLARIS INDIA PVT LTD,5,5,4,2,29,21,6,30,14,7,8,9,140
923,POOJA INDUSTRIES,0,0,0,0,0,0,0,1,0,0,0,0,1
924,POOSHPAK AUTOMOBILES PVT LTD,0,0,0,0,0,0,0,0,0,0,0,1,1
925,PORFITEL TECHNOLOGY (IMPORTER: AERORIDE),0,0,0,0,0,0,0,0,0,1,1,21,23
926,PORSCHE AG,1,0,0,1,0,0,0,1,0,0,0,0,3
927,PORSCHE AG GERMANY,54,29,62,53,62,61,52,59,67,53,81,32,665
928,PRAAKARM AUTO & CONSTRUCTION EQUIPMENTS,0,0,0,1,4,1,3,5,4,1,13,8,40
929,PRABHA AUTOMOTIVE ENGINEERS PVT LTD,0,0,1,1,0,0,2,0,0,1,0,1,6
930,PRAGATI AGRICULTURE,1,0,0,0,0,0,0,0,0,0,0,0,1
931,PRAGATI ENGINEERING,1,1,2,1,1,1,2,2,2,8,5,1,27
932,PRAG MOTORS,0,0,17,0,4,0,0,2,1,2,6,15,47
933,PRAKASH ENTERPRISES,5,4,8,5,4,5,5,5,1,0,4,0,46
934,PRAKASH METAL,1,2,3,2,1,1,2,0,0,0,0,0,12
935,PRAKASH TRAILER,11,0,7,4,1,4,0,1,3,1,3,3,38
936,PRASAD AGRICULTURAL PRODUCT,0,0,1,0,0,0,0,0,0,0,0,0,1
937,PRASAD AND PRASAD ENG,0,0,2,1,0,1,4,0,0,0,0,1,9
938,PRAVIN AGRO INDUSTRIES,1,0,0,0,0,0,0,0,0,0,0,0,1
939,PREEET AGRO INDUSTRIES PVT LTD,10,9,25,10,11,1,2,1,1,0,8,0,78
940,PREET AGRO INDUSTRIES PVT LTD,46,46,76,57,27,38,25,36,40,25,48,104,568
941,PREET TRACTORS PVT LTD,375,339,474,364,399,387,252,241,266,235,318,333,"3,983"
942,PREET TRACTORS PVT. LTD.,24,25,38,24,24,38,25,12,6,1,10,1,228
943,PRIDE E-MOTORS,3,4,1,0,6,2,11,26,47,58,89,75,322
944,PRINCE AGRO WORKS,2,4,7,3,3,0,1,0,1,0,0,0,21
945,PRINCE ENGINEERING WORKS,0,0,0,0,0,1,0,0,0,0,0,0,1
946,PROPEL INDUSTRIES PVT. LTD.,0,0,0,0,0,0,0,0,0,0,0,1,1
947,PUBANG ETRON ELECTRIC MOTOR PVT LTD,19,11,15,3,11,13,13,12,11,6,6,5,125
948,PUNEET OVERSEAS  INC,0,1,2,0,0,0,2,0,0,9,1,0,15
949,PUNJAB AGRICULTURE WORKS,0,0,1,0,0,1,0,0,0,0,0,0,2
950,PUNJAB AGRO IMPLEMENTS INDUSTRIES,0,4,4,1,2,3,1,6,1,1,1,5,29
951,PUNJAB AGRO INDUSTRIES,3,3,1,0,0,0,0,0,1,0,0,0,8
952,PUNJAB AGRO INDUSTRIES (TRAILER),1,0,1,0,1,0,0,0,0,0,0,0,3
953,PUNJAB ENGINEERING COMPANY,0,0,0,6,2,1,0,1,2,0,2,9,23
954,PUNJAB HI-TECH INDUSTRIES,0,2,2,0,2,1,0,1,2,1,0,3,14
955,PUNJAB TRACTORS LIMITED,8,13,9,8,1,2,3,6,5,3,0,2,60
956,PUR ENERGY PVT LTD,"1,691","1,428","2,066","1,756","1,464","1,125","1,000",880,790,"1,047",925,781,"14,953"
957,PURVA UDYOG PVT LTD,1,1,2,2,3,1,1,2,8,3,9,2,35
958,PUSHKAR INDUSTRIES,20,11,12,16,9,5,7,5,11,5,7,8,116
959,PYTHOX MOTORS PVT LTD,6,5,13,10,3,3,5,9,8,12,23,28,125
960,QIANJIANG-KEEWAY (IMPORTER: ADISHWAR AUTO),0,0,0,0,0,0,0,0,0,2,50,46,98
961,QUALITY ENGINEERING WORK,3,15,2,1,5,2,4,3,2,2,4,0,43
962,QUANTUM ENERGY LTD.,0,0,0,0,0,0,0,0,0,0,10,15,25
963,R3 ENTERPRISES,1,26,5,8,9,16,13,9,33,18,23,9,170
964,RACCOON MOTORS PVT LTD,1,3,0,2,1,0,1,1,1,3,0,7,20
965,RADHESHYAM TRAILOR,8,11,4,0,1,4,38,3,5,1,20,3,98
966,RAHUL AGRO EXPORTS PVT LTD,3,22,4,1,1,1,0,1,2,2,0,0,37
967,"RAJA RANEE AGRO E WORKS,ANGL",0,0,2,2,0,2,0,0,0,0,1,1,8
968,RAJ AUTOMOTIVE,13,9,9,12,10,5,14,4,17,1,3,5,102
969,RAJESH STEEL AND WIRE INDUSTRIES,0,1,1,7,1,3,2,8,3,0,1,3,30
970,RAMA ENGINEERING WORKS,0,0,3,0,1,1,0,3,0,0,0,0,8
971,RAM AGRO INDUSTRIES,3,9,8,3,1,3,3,3,4,0,0,7,44
972,RAM CHANDER & SONS,3,1,2,0,1,0,0,0,0,1,0,0,8
973,RAM CHAND & SONS,0,3,5,0,0,2,3,0,1,1,2,11,28
974,RAMGARHIA ENGG WORKS,0,0,1,4,5,4,0,1,1,0,2,1,19
975,RAMJI AGRO INDUSTRIES,0,0,2,3,1,0,1,1,0,0,0,0,8
976,RAM JI ENGINEERING WORKS,1,2,0,0,1,0,1,0,1,0,0,0,6
977,RAMON INDUSTRIES,3,5,6,3,5,3,6,10,13,9,7,1,71
978,RANA ENGINEER WORKS,1,1,0,1,2,2,0,4,1,16,6,1,35
979,RANI TRAILER,0,0,1,0,0,0,0,0,0,0,0,0,1
980,RASANDIK ENGINEERING INDUSTRIES INDIA LTD,0,0,5,0,3,2,7,9,4,5,8,4,47
981,RASANDIK MOTORS PVT LTD,0,0,0,0,2,0,0,0,0,0,0,0,2
982,"RASHMI AUTOMOBILES, NUAPADA",1,0,0,0,0,0,1,0,0,0,0,1,3
983,RASIWASIA RASAYAN PVT LTD,1,0,3,0,0,2,3,0,0,1,0,0,10
984,RATAN ENGINEERING WORKS,2,0,2,3,1,0,0,7,2,0,0,2,19
985,RATNA ENGINEERING ENTERPRISES,0,1,1,1,2,0,0,2,0,1,1,1,10
986,RAVINDRA AGRO WORKS,0,0,1,0,0,1,0,2,1,0,0,1,6
987,RAYON ENGINEERS,19,17,26,2,4,28,38,6,34,62,54,43,333
988,R B INDUSTRIES,0,1,0,0,0,0,0,1,0,0,0,0,2
989,RCJ AUTO FORGE PVT LTD,18,16,21,6,11,20,34,13,26,37,44,35,281
990,RD AND CO,0,0,0,0,5,0,0,0,0,0,0,4,9
991,REEP INDUSTRIES PVT LTD,14,13,20,36,10,6,25,13,12,6,11,23,189
992,REFLEX CONTROL SYSTEM PVT .LTD,4,3,7,3,2,9,5,10,3,3,3,11,63
993,RENAULT INDIA PVT LTD,"7,700","6,384","6,829","6,838","6,806","6,081","5,800","6,280","5,997","7,863","6,379","5,905","78,862"
994,REPUBLIC MOTORS,9,52,2,3,2,10,10,3,9,8,7,4,119
995,REVOLT INTELLICORP PVT LTD,673,"1,128","1,412","1,241","1,586","2,424","2,319","1,662",865,"1,041",524,37,"14,912"
996,RGM BUSINESS PLUS PVT LTD,117,128,139,165,146,111,120,133,134,115,131,126,"1,565"
997,RIBAND ELECTRIC PVT LTD,5,5,7,13,24,6,19,20,12,15,48,26,200
998,RIYA ENTERPRISE,0,0,5,1,5,2,1,4,3,9,0,2,32
999,"RK ENGG WORKS,JUNAGARH",0,2,0,0,5,2,1,2,0,0,0,2,14
1000,RK TRACTOR,1,2,4,3,2,2,5,2,0,1,7,1,30
1001,R.K.TRAILORS,1,6,0,1,0,0,0,1,0,0,0,0,9
1002,R M PANCHAL,0,0,0,0,1,0,1,1,0,0,0,0,3
1003,R.N.GUPTA & CO LTD,3,3,3,2,1,1,0,0,0,0,0,0,13
1004,ROARLEO MOTOR PVT LTD,26,3,4,6,5,5,6,6,17,20,16,22,136
1005,ROLLS ROYCE,4,1,0,0,2,0,4,1,2,2,3,0,19
1006,ROLLS-ROYCE MOTOR CARS(IMPORTER:SELECT CARS P LTD),0,0,0,0,1,2,0,0,0,0,0,0,3
1007,ROLLS ROYCE MOTOR (IMPORTER: KUN MOTOR),0,1,0,1,0,0,0,3,2,1,1,0,9
1008,ROOPRAI AGRO INDUSTRIES,1,0,1,1,0,1,0,0,0,0,0,0,4
1009,ROVER COMPANY,0,0,0,0,0,0,0,0,0,0,1,0,1
1010,ROWWET MOBILITY PVT LTD,15,16,13,13,15,21,7,10,10,2,10,11,143
1011,ROYAL-ENFIELD (UNIT OF EICHER LTD),"47,936","46,433","53,247","49,268","47,943","44,971","43,860","52,451","57,914","73,771","70,150","56,558","6,44,502"
1012,ROYAL TRACTOR PVT LTD,0,1,0,0,0,0,0,0,0,0,1,0,2
1013,RSB AGRO INDUSTRIES,0,0,0,0,0,0,0,0,0,0,0,1,1
1014,RSD SECURITY SOLUTIONS PVT LTD,0,0,1,0,0,0,0,0,0,0,0,0,1
1015,RUDRA AUTO INDUSTRIES,0,0,0,0,0,0,0,0,0,0,1,0,1
1016,RUDRANARAYAN ENGG WORKS BOUDH,0,0,0,0,1,0,0,2,0,0,0,0,3
1017,RUPAL AGRO INDUSTRIES,0,1,3,7,2,1,0,2,1,1,1,13,32
1018,RUTBA PRODUCT PVT LTD,35,49,41,9,43,40,54,12,44,89,86,16,518
1019,SACHITANAND ENGINEERING WORKS,0,1,3,0,2,0,0,1,1,1,2,0,11
1020,SADGURU TRAILER & AGRI EQUIP,15,14,11,1,3,1,3,15,2,7,6,0,78
1021,SAERA ELECTRIC AUTO PVT LTD,949,910,"1,289","1,221","1,416","1,523","1,685","1,967","2,352","1,990","2,261","1,997","19,560"
1022,SAGAR AGRO STEEL INDUSTRIES,15,13,16,1,10,15,3,2,9,8,12,11,115
1023,SAGAR FABRICATIONS,0,0,0,0,0,0,0,0,0,7,4,5,16
1024,SAGAR INDUSTRIES,0,2,1,2,1,1,2,1,2,0,0,0,12
1025,SAHARA TRALIORS,1,1,1,0,0,0,0,0,3,2,3,0,11
1026,SAHKAR AGRO IND,0,0,0,0,0,0,0,0,0,0,2,0,2
1027,SAHNIANAND E VEHICLES PVT LTD,0,0,0,0,3,23,60,24,164,341,262,256,"1,133"
1028,SAHU INDUSTRIES,4,2,1,6,2,0,2,1,0,1,3,1,23
1029,SAI BABA FABRICATION,2,1,3,6,1,1,2,1,4,3,1,1,26
1030,SAI ENGINEERING AND WELDING WORKS,6,4,5,5,6,5,3,3,5,3,9,2,56
1031,"SAI KRIPA ENG WORKS, HALADIAPADAR,BERHAMPUR,GANJAM",0,0,0,0,0,0,0,1,0,1,0,0,2
1032,"SAI KRUPA ENGG WORKS,BHMPUR",4,0,0,1,0,0,1,0,0,0,0,0,6
1033,SAINIK CYCLE MART,2,6,7,17,2,5,19,23,24,6,12,19,142
1034,SAI TRAILERS,0,0,0,0,0,2,0,0,1,3,6,0,12
1035,SAJEDA ENGINEERING BHAWANIPATNA,0,0,1,0,2,1,3,0,0,0,3,2,12
1036,SAKSHAM TECH AUTOMOBILES,16,10,19,12,19,24,18,40,29,16,21,17,241
1037,SAKSHAM TRADING COMPANY,1,0,3,5,0,2,4,1,0,1,0,0,17
1038,SAKTHIVEL ENGINEERING WORKS,0,1,0,0,0,0,0,0,0,0,0,0,1
1039,SAMALESWARI ENGG WORKS,2,4,2,2,1,0,1,0,0,0,0,1,13
1040,"SAMAL FABRICATOR,BARCHANA",2,3,9,1,4,0,2,1,0,0,0,3,25
1041,SAME DEUTZ - FAHR INDIA (P) LTD.,146,135,229,101,128,130,119,113,98,87,108,99,"1,493"
1042,SAMRAT ELECTRIC VEHICLE,4,7,12,20,17,22,32,29,52,41,61,56,353
1043,SANDHU AGRO INDUSTRIES,0,0,1,0,0,0,1,1,0,0,0,1,4
1044,S AND J INDUSTRIES,14,12,20,9,14,10,21,21,5,4,27,32,189
1045,"S AND S ENGG WORKS,BGH",0,0,0,1,0,0,0,0,0,0,1,0,2
1046,SANJAY TRAILORS,2,2,0,0,0,1,0,0,0,4,0,0,9
1047,SANJIV TRAILOR MURGOD,0,0,0,0,0,0,0,0,0,3,7,0,10
1048,SANSAR COMBINE,0,0,0,0,3,0,1,0,1,1,0,1,7
1049,SANTOSH ENGG WORKS,19,14,7,10,7,13,10,9,5,2,8,3,107
1050,SANY HEAVY INDUSTRY INDIA PVT LTD,9,19,26,22,21,19,25,15,16,31,31,22,256
1051,SANY HEAVY INT. LTD. PR C,0,1,0,0,0,0,0,0,0,0,0,0,1
1052,SANY INDIA,2,2,7,5,2,3,1,0,3,0,5,2,32
1053,SARALA ENTERPRISES CUTTACK,2,0,1,1,0,0,0,0,0,1,0,0,5
1054,SARANGI MOTORS TRAILER SNG,0,0,0,0,0,0,0,0,1,0,0,0,1
1055,"SARASWATI AGRO INDUSTRIES,CTC",2,3,3,4,1,3,2,1,4,1,2,0,26
1056,SAROOP AGRO INDUSTRIES,0,0,0,1,1,2,0,0,1,0,0,0,5
1057,SARSWATI AGRO CO.,0,0,0,0,0,0,0,0,1,0,0,0,1
1058,SAS MOTORS LTD.,0,0,0,0,0,0,1,0,0,0,0,0,1
1059,"SATAPATHY AGENCIES, BERHAMPUR",1,1,2,0,0,0,0,1,0,0,0,0,5
1060,SATHI MOTORS ELECTRIC VEHICLE PVT LTD,45,86,90,68,72,132,163,129,100,187,143,95,"1,310"
1061,SATKARTAR AGRO WORKS,0,1,2,0,0,0,0,1,4,0,0,0,8
1062,SATNAM ENGG WORKS,1,5,5,2,1,2,1,1,2,0,5,1,26
1063,SATRAC ENGINEERING PVT LTD,26,15,38,17,27,11,46,14,51,10,42,20,317
1064,SATYANARAYANA ENGG.WORKS,1,5,7,0,6,1,1,0,1,0,0,5,27
1065,"SATYASAI INDUSTRIES,DHENKANAL",0,0,1,1,0,1,2,0,0,0,0,0,5
1066,SAURYAA SHARYO CORPORATION,0,0,0,0,0,0,0,0,0,1,0,0,1
1067,SAYA AGRO INDUSTRIES,7,6,4,0,7,1,1,0,1,0,3,1,31
1068,SBTEK E MOTO PVT LTD,1,2,7,1,0,1,0,0,3,3,0,1,19
1069,SCA HAEVY EQUIPMENT PVT. LTD,2,2,0,1,0,2,1,0,1,0,0,1,10
1070,SCANIA COMMERCIAL VEHICLES INDIA PVT LIMITED,28,37,53,14,0,1,0,0,2,28,17,10,190
1071,SCHEUERLE FAHRZEUG FABRIK(GMBH),0,0,0,0,0,0,10,0,0,0,0,0,10
1072,SCHWING STETTER INDIA PL,1,1,0,3,1,2,1,1,1,0,1,6,18
1073,SCOOTERS INDIA LTD,0,0,2,0,0,2,0,0,0,1,0,0,5
1074,SEALION AUTOMOBILE PVT LTD,3,1,3,1,4,9,6,4,1,0,1,3,36
1075,SEC RJMT ENGG.PVT.LTD.,0,0,0,0,1,0,0,0,0,0,0,2,3
1076,SEC-RJMT ENGINEERING PVT LTD,0,0,3,2,3,1,3,3,5,2,5,4,31
1077,"SEMBHI ARGO IND,SAMBALPUR",0,0,0,0,0,0,0,0,0,1,0,1,2
1078,SEN AND PANDIT VOLTAGE CONTROL PVT LTD,2,6,2,4,4,1,3,6,4,14,3,6,55
1079,SENNEBOGEN EXCAVATOR 821E,0,0,0,0,0,0,0,1,0,0,0,0,1
1080,SETH INDUSTRIAL CORPORATION,7,3,20,27,37,16,34,72,44,53,64,74,451
1081,SF2 E VEHICLE PVT LTD,0,0,0,0,0,0,0,0,0,0,11,5,16
1082,SGLLINE MOTORS PVT LTD,5,0,1,0,9,2,7,7,10,8,7,4,60
1083,SHAH AGRO ENGG WORKS,0,0,0,0,0,0,0,1,0,0,0,0,1
1084,SHAKTI AUTO GREEN,27,38,43,3,8,33,53,15,46,89,30,35,420
1085,SHAKTI ENGINEERING WORK,0,3,0,4,0,2,2,2,0,3,2,0,18
1086,"SHAKTI EN WORKS HALADIAPADAR,BERHAMPUR,GANJAM",0,0,0,0,0,1,0,0,0,0,0,0,1
1087,SHAKTIMAN AGRO INDUSTRIES,0,9,11,4,4,1,2,3,4,0,1,9,48
1088,SHAKTTI CONSTRUCTIONS EQUIPMENT PVT LTD,7,9,9,12,12,16,10,12,21,15,13,10,146
1089,SHALYA AUTO SALES PVT LTD,0,0,0,0,0,0,21,32,39,30,55,36,213
1090,SHARMA  AUTO MOBILES,0,0,0,0,0,0,1,0,0,0,0,0,1
1091,SHARMA-SHARMA ENGN WORKS,0,0,0,2,1,1,0,0,0,0,1,4,9
1092,SHEHALPREET ENGG WORKS,0,3,5,3,6,4,2,4,3,1,0,1,32
1093,"SHEKHAR ENGINEERING,JAJPUR",1,1,0,1,2,0,0,0,0,1,0,0,6
1094,SHERA ELECTRICAL AUTO PVT LTD,1,0,0,0,0,0,0,0,0,0,0,0,1
1095,SHIGAN EVOLTZ LTD,80,60,96,57,56,126,151,55,45,58,31,38,853
1096,SHINE METAL UDYOG PVT LTD (UNIT- II),0,1,0,0,1,1,0,0,0,0,2,0,5
1097,SHINME ELECTRICAL VEHICLE PVT LTD,28,14,11,12,10,7,3,1,1,4,0,0,91
1098,SHIVA GAYATRI ENGG WORKS,0,0,0,9,32,59,34,43,62,36,108,67,450
1099,"SHIV AGRO ,AGENCY",0,1,0,0,0,0,1,1,0,0,0,0,3
1100,SHIV AGRO INDUSTRIES,4,9,13,12,12,6,2,5,3,9,13,22,110
1101,SHIVAJI AGRO INDUSTRIES,5,4,4,1,2,1,3,0,1,1,0,5,27
1102,SHIVASHAKTHI ENG WORKS,24,24,23,23,5,39,21,24,16,26,33,11,269
1103,SHIVKRUPA TRAILOR,3,2,3,3,2,2,0,0,0,0,5,0,20
1104,SHIV OM INDIA,2,0,2,4,3,8,6,14,8,2,10,10,69
1105,SHIVRAJ TRAILOR,9,3,14,8,0,12,7,0,8,0,14,19,94
1106,SHIV SAI ENG WORKS,0,0,0,0,1,0,1,0,0,0,0,1,3
1107,SHIVSHAKTI STEEL INDUSTRIES LATUR,1,0,2,0,0,0,5,3,13,0,45,12,81
1108,SHIV TRAILOR INDUSTRIES,14,1,0,0,0,0,0,0,0,0,0,0,15
1109,SHOBHA ENG WORKS,2,1,2,2,0,1,0,0,0,0,0,2,10
1110,SHREE AMEE CONST EQUP,0,0,0,0,0,0,0,0,1,0,0,1,2
1111,SHREE BABA ENGINEERING WORKS,0,0,0,0,2,0,0,0,0,0,0,0,2
1112,SHREE BALAJI ENGINEERING WORK SHOP,0,0,0,0,0,0,0,0,0,0,1,0,1
1113,SHREE CARS PVT. LTD,0,0,0,0,0,0,0,0,1,0,0,0,1
1114,SHREE DURGA FABRICATION COMPANY,0,0,0,1,0,0,0,0,0,0,0,0,1
1115,SHREE JALARAM AGRI,2,0,0,0,0,0,0,0,0,0,0,0,2
1116,SHREE KRISHNA AGRO INDUSTRIES,0,0,0,0,0,0,1,0,0,0,0,0,1
1117,SHREE MARUTI NANDAN BUSINESSS (P) LTD,6,0,8,5,16,22,10,12,29,34,36,4,182
1118,SHREE MOMAI TRAILER,0,0,1,0,0,1,0,0,0,0,0,0,2
1119,SHREE SAI AGRO ENGINEERING WORKS,9,5,7,10,6,4,5,4,9,9,5,1,74
1120,SHREE SHAKTI AGRO INDIA,0,0,0,0,0,0,0,1,0,0,0,0,1
1121,SHREE SHAKTI AUTO IND,1,0,0,0,0,0,0,0,0,0,0,0,1
1122,SHREE SIRIDI SAI MINERAL & EXPORTS PVT. LTD,0,0,1,0,0,0,0,0,0,0,0,0,1
1123,SHREYA ENGINEERS,4,3,1,1,0,1,0,0,0,1,2,0,13
1124,SHRI AVP ENGINEERING WORK,0,1,0,1,3,0,0,0,0,0,2,0,7
1125,SHRI BARSANA E-VEHICLES PVT LTD,91,91,75,68,98,110,131,159,191,166,187,205,"1,572"
1126,SHRI DATTA AGRO INDUSTRIES,0,0,1,0,1,0,0,0,0,0,2,0,4
1127,SHRI ENGINEERING WORKS,0,0,0,0,0,0,0,0,0,0,2,0,2
1128,SHRI GAJALAXMI ENGG WORKS,0,0,1,1,0,2,1,1,0,0,0,0,6
1129,SHRI GANESH ENGINERRING WORKS,2,3,1,1,0,4,3,3,6,4,6,10,43
1130,SHRI KALIKA AGRICULTURE EQUIPMENT,0,1,0,0,0,0,0,0,0,0,0,0,1
1131,SHRIKANTH ENGINEERING WORKS,0,3,1,0,3,1,0,1,0,0,0,0,9
1132,SHRI KRISHNA INDUSTRIES,1,1,2,1,1,0,0,0,1,2,2,3,14
1133,SHRI LAXMI ENGINEERING WORKS,3,7,6,3,8,11,6,6,7,3,15,11,86
1134,SHRI MAHALAXMI AGRO IND,1,0,4,0,0,1,0,0,0,0,0,2,8
1135,SHRI NAMO ELECTRIC AUTOMOTIVE,14,14,31,9,10,32,27,14,44,25,18,26,264
1136,SHRI NANDI TRAILER WORKS,0,0,1,0,0,0,0,0,0,1,0,0,2
1137,SHRINIWAS AGRO INDUSTRIES,9,9,13,6,5,8,4,6,9,10,15,5,99
1138,SHRI RADHE ENGG,1,1,2,0,0,1,0,0,1,0,1,0,7
1139,SHRIRAJ ELECTRIC VEHICLES,131,110,152,126,175,145,185,172,265,180,228,233,"2,102"
1140,SHRI RAMA ENGINEERING,1,5,6,0,3,29,20,7,1,2,1,0,75
1141,SHRI RAM AGRO INDUSTRIES,4,1,0,0,0,2,0,0,0,1,0,1,9
1142,SHRI RAM AUTO TECH PVT LTD,0,0,0,0,0,0,0,0,0,0,3,1,4
1143,SHRI RAM TRAILOR,1,2,8,2,3,1,0,1,3,1,1,1,24
1144,SHRI SAI ENGG WORKS,0,8,28,2,1,7,10,2,0,0,1,6,65
1145,SHRI SAI SANTOSHI MATA AGRICULTURAL WORKS,5,0,7,0,1,1,0,0,0,0,0,0,14
1146,SHRI SHANKAR ENG WORKS,1,24,9,9,9,6,8,13,3,7,6,4,99
1147,SHRI SHIVAJI ENG WORKS,3,4,13,5,3,8,2,3,6,2,4,1,54
1148,SHRI SHIVSHANKAR ENTERPRISES,0,0,0,1,0,4,0,0,0,0,3,0,8
1149,SHRI SHIVSHIDHA AGRI IMPLIMENT,1,4,0,0,0,1,2,0,0,0,3,1,12
1150,SHRI SHRINIVASA ENG WORKS,2,9,10,0,0,4,1,1,1,2,1,0,31
1151,SHRI SHYAM ENGG WORKS,0,2,0,3,1,1,2,1,2,2,1,1,16
1152,SHRI SHYAM INDUSTRIES,0,1,0,2,1,2,1,0,1,0,0,1,9
1153,SHRI SWASTIK ENGG,6,5,7,8,1,3,6,2,2,6,6,7,59
1154,SHRI TIRUMALA ENGINEERING WORKS,8,8,5,3,1,4,5,3,4,2,6,3,52
1155,SHRI VADESHWAR TRAILORS,9,1,7,1,1,6,0,1,1,5,2,0,34
1156,SHRI VENKATARAMANA TRAILER WORK,0,3,3,0,2,0,1,1,0,2,1,4,17
1157,SHRI VENKATESHWARA ENGINEERING WORKS,0,5,3,0,6,5,5,5,3,1,3,3,39
1158,SHRI VENKATESHWAR AGRO INDUSTRIES,2,1,2,1,0,0,0,1,0,0,0,0,7
1159,SHRI VIJAY ENGINEERING WORKS,2,1,0,0,3,0,0,0,2,24,0,0,32
1160,SHRI VINAYAK INDUSTRIES,4,0,0,2,3,0,1,0,0,1,2,1,14
1161,SHRI VISHWAKARMA AUTOMOBILE,22,16,24,14,5,2,2,1,10,7,5,8,116
1162,SHUBHADA INDUSTRIES,0,0,0,1,0,0,0,0,0,0,0,0,1
1163,SHUBHLAXMI AGRO IND.,0,0,0,0,0,0,0,0,0,0,0,1,1
1164,"SIDDHAKALA ENGINEERING AND WELDING WORKS
",0,0,0,0,2,4,0,1,0,1,0,0,8
1165,SIDDHESWARI WELDING WORKS,0,0,2,0,0,0,0,0,0,0,0,0,2
1166,SIDDHI ENGINEERING WORKS,2,4,2,5,2,2,4,2,4,3,2,6,38
1167,SIDDHIVINAYAK ENGINEERING,0,0,0,0,0,1,0,0,2,0,0,0,3
1168,SIDHI DURGA ENGINEERING,1,4,7,6,4,7,5,3,1,2,10,7,57
1169,SIGMACON EQUIPMENT LLP,0,0,0,1,0,0,0,0,0,0,0,0,1
1170,SINGHAL ENTERPRISES,5,1,1,0,7,4,5,3,3,2,6,1,38
1171,SINGH ENGINEERING WORKS,0,4,1,1,0,0,0,0,1,1,0,0,8
1172,SIRF INDIA VEHICLES PVT LTD,0,0,1,2,1,0,0,1,0,0,0,0,5
1173,SIWACH STEEL PVT LTD,5,5,3,14,16,14,6,14,8,3,2,8,98
1174,SIX SENSES AUTOMOTIVE PVT LTD,0,0,0,0,0,0,0,0,2,1,1,0,4
1175,SJ BIZ SOLUTIONS PVT LTD,0,1,0,0,0,0,0,0,0,0,0,0,1
1176,SKB ENGINEERING WORKS AP117952626,0,0,2,0,0,0,0,0,0,0,0,0,2
1177,SKODA AUTO AS,0,0,1,1,0,0,0,0,0,0,0,0,2
1178,SKODA AUTO INDIA PVT LTD,63,88,87,105,196,128,93,66,2,1,1,4,834
1179,SKODA AUTO VOLKSWAGEN INDIA PVT LTD,"5,554","5,389","7,186","7,836","7,376","7,137","6,510","6,673","6,232","7,601","6,606","6,995","81,095"
1180,SKS AUTOMOBILES (I) PVT LTD,0,0,0,0,0,2,1,0,0,1,0,1,5
1181,SKS TRADE INDIA PVT LTD,317,341,351,317,447,585,666,672,682,696,690,568,"6,332"
1182,S. K. TRAILER,0,0,1,2,0,1,1,1,0,0,1,0,7
1183,SKYRIDE AUTOMOTIVE,11,15,6,5,1,4,12,5,10,12,7,2,90
1184,SMART ELECTRO MOTORS,5,9,4,2,9,1,5,2,2,0,7,2,48
1185,SML ISUZU LTD,541,536,675,816,870,973,986,873,747,602,599,598,"8,816"
1186,SMV,9,26,46,59,37,48,38,16,4,0,0,0,283
1187,SN SOLAR ENERGY,1,0,0,0,0,2,0,2,6,4,7,1,23
1188,SOLANKE ENGINEERING WORKS,0,0,0,6,1,0,0,1,3,0,3,2,16
1189,SONALIKA INTERNATIONAL TRACTORS LIMITED,6,9,9,4,8,8,8,8,7,3,11,10,91
1190,SONI E VEHICLE PVT LTD,20,19,20,26,23,10,19,8,11,7,9,1,173
1191,SONU MONU TRACTOR,0,0,0,0,0,0,1,0,0,0,0,0,1
1192,SPEED AUTO TECH,0,0,0,0,0,0,0,0,0,0,0,8,8
1193,SPEED CRAFTS LIMITED,0,0,0,0,0,0,0,0,0,0,1,0,1
1194,SPEEDWAYS ELECTRIC,0,0,1,0,0,0,0,0,0,0,0,0,1
1195,SPEEGO VEHICLES CO PVT LTD,249,244,346,286,268,371,328,392,380,277,318,274,"3,733"
1196,SPEEGO VEHICLES PVT. LTD,10,13,6,9,9,10,18,8,20,3,24,15,145
1197,"S P TRADING, KHURDA",1,4,6,6,5,5,6,3,2,0,3,2,43
1198,S R AGRICULTURE EQUIPMENTS CO (P) LTD,5,3,6,0,4,0,2,0,0,0,2,1,23
1199,SRD RENEWABLES,67,87,94,94,110,63,138,120,164,98,164,23,"1,222"
1200,"SRI AGENCY & FABRICATION,GOPINATH NAGAR,BERHAMPUR",0,0,1,1,0,2,0,20,0,0,0,0,24
1201,"SRIAGENCY & FABRICATOR,BHMPUR",0,0,0,0,0,0,0,1,0,0,0,0,1
1202,"SRI GANESH ENG WORKS, HALADIAPADAR, GANJAM",0,0,0,1,1,2,0,0,1,0,0,0,5
1203,SRI LAKSHMI ENGINEERING INDUSTRIES,0,1,0,0,0,0,0,0,1,0,0,3,5
1204,SRI MANJU INDUSTRIES,0,0,0,0,0,0,0,0,0,0,0,1,1
1205,SRI MANJU TRAILERS,0,0,0,1,0,0,0,0,0,0,0,0,1
1206,SRI NANDISHWARA ENGINEERING WORKS,0,0,0,0,1,1,0,1,0,0,1,1,5
1207,SRI SAI AGRICULTURAL EQUIPMENT,11,17,15,19,16,10,6,1,10,3,8,5,121
1208,"SRI.TIRUMALA AGRO SALES, CHARBAHAL",2,0,0,0,0,0,0,0,0,0,1,0,3
1209,SRIVARU MOTORS PVT LTD,7,4,3,13,5,3,5,9,4,2,3,2,60
1210,SRI VELMURUGAN ENGINEERING WORKS,0,0,2,1,0,1,0,1,0,0,0,0,5
1211,S S AGRO INDUSTRIES,1,1,1,3,0,0,0,0,0,0,0,0,6
1212,S.S. AGRO TECH,0,2,3,1,0,0,0,1,2,0,0,2,11
1213,SSB INDISTRIES,77,99,81,112,133,160,121,143,210,172,256,184,"1,748"
1214,SSEV ENTERPRISES PRIVATE LIMITED,0,0,0,6,6,18,25,40,86,49,69,41,340
1215,SSE WORKS LTD,0,0,1,0,0,0,0,0,0,0,0,0,1
1216,S S GLOBAL,0,2,0,2,2,1,2,1,0,0,1,0,11
1217,SSV TECHNOLOGIES,0,0,0,0,0,0,0,0,0,0,2,0,2
1218,STANDARD AGRICULTURE WORKS(R),10,2,0,6,1,0,0,1,0,1,3,0,24
1219,STANDARD COMBINES PVT LTD,0,0,0,0,1,0,1,0,0,0,1,2,5
1220,STANDARD CORPORATION INDIA LTD,9,10,7,15,11,15,6,19,6,3,13,16,130
1221,STAR AGRO INDUSTRIES,1,1,1,0,0,1,0,0,0,0,1,3,8
1222,STAR BULL E MOTORS,60,100,145,104,170,251,216,228,290,233,251,169,"2,217"
1223,STAR IGLOBAL AUTOMOTIVE PVT LTD,10,11,7,11,17,22,18,17,20,21,24,46,224
1224,STAR WELDING WORKS,4,1,1,3,1,0,1,1,0,2,3,2,19
1225,SUBHADRA ENGINEERING NUAPADA,1,2,6,3,5,2,6,2,6,0,2,4,39
1226,SUBHLAXMI AGRO,0,0,0,0,0,0,1,0,0,0,0,3,4
1227,SUBRAMANYESWARA INDUSTRIES,1,4,9,3,3,6,7,0,6,2,6,4,51
1228,SUDHA ENGINEERING WORKS,2,0,1,1,0,3,1,0,1,0,0,6,15
1229,SUDHRAJ ELECTRIC MOBILITY PVT. LTD.,0,0,0,0,0,0,0,0,0,0,9,2,11
1230,SUGANJI RARA ELECTRIC VEHICLE PVT LTD,2,0,0,0,1,0,0,1,0,0,0,0,4
1231,"SUJAY ENGG ENTERPRISES
",0,0,0,1,0,0,0,0,0,0,0,0,1
1232,SUKHDEV AGRO INDUSTRIES,0,1,2,1,2,1,0,1,0,0,0,2,10
1233,SUKHRAJ & SUKHRAJ INDUSTRIES,0,0,0,0,2,0,0,0,2,0,1,0,5
1234,SUMFONL AUTO TRADERS PVT LTD,6,33,3,4,2,3,2,1,1,2,8,12,77
1235,SUNIL AGRO ENGINEERING WORKS,4,4,5,3,4,0,1,2,1,3,0,5,32
1236,SUNKU AUTO LTD,0,1,0,0,0,0,0,0,0,0,0,0,1
1237,SUNSET TRADE PVT LTD,2,0,12,11,34,24,27,28,40,28,25,19,250
1238,SUNULTRA POWER SOLUTIONS PVT LTD,2,3,5,8,4,5,0,12,10,3,19,11,82
1239,SUPERECO AUTOMOTIVE CO,8,7,1,2,5,1,6,5,7,8,14,14,78
1240,SUPER METRO INDUSTRIES,20,40,26,55,67,54,94,178,161,120,128,63,"1,006"
1241,SUPER STANDARD AGRO COMBINE,0,0,0,0,0,2,0,0,0,0,0,0,2
1242,SUPERTECH EV LIMITED,47,51,77,67,51,77,49,83,134,106,140,156,"1,038"
1243,SUPREME SMART POWER PVT LTD,8,10,7,8,7,6,12,29,23,39,37,58,244
1244,SURAJ ENGINEERING WORKS,0,3,3,2,1,2,0,0,0,0,1,3,15
1245,SURENDERA AGRO INDUSTRIES,6,0,3,2,3,1,0,0,0,1,0,0,16
1246,SURINDERA AGRO INSDUSTRIES,0,14,15,7,8,6,7,5,5,1,6,11,85
1247,SURYA INDUSTRIES,2,2,5,0,2,2,4,1,0,2,2,1,23
1248,SURYA MOTORS,0,0,0,0,0,0,0,0,1,0,0,0,1
1249,SURYODAY MECHANICAL WORKS,0,0,0,0,0,1,0,0,0,0,0,0,1
1250,SUZUKI MOTORCYCLE INDIA PVT LTD,"46,720","46,252","51,846","46,986","44,857","52,523","52,003","57,111","56,907","67,569","72,476","53,228","6,48,478"
1251,S.V.ENGINEERS,5,3,0,0,2,2,2,0,0,0,0,0,14
1252,SWADESH MOTORS AND TRACTORS LTD,1,1,9,0,0,3,1,0,0,0,0,0,15
1253,SWAMI ENGINEERING WORKS,0,1,0,0,0,0,0,0,2,0,0,0,3
1254,"SWAPNA FABRICATION WORKS,MALKANGIRI",2,0,0,1,0,0,0,0,0,0,1,0,4
1255,SWARAJ AUTOMOTIVES LTD,0,3,2,2,0,3,1,0,7,0,2,1,21
1256,SWARNCHAKRA AUTOMOBILES PVT LTD,0,0,0,0,3,0,4,0,0,0,0,0,7
1257,SWASTIK ENGINEERING WORKS,0,2,2,0,0,0,0,0,0,0,0,2,6
1258,SWITCH MOBILITY AUTOMOTIVE LTD,0,0,0,0,0,0,37,64,79,59,30,27,296
1259,SYAN AGRO INDUSTRY,2,22,25,10,9,1,1,5,9,6,4,10,104
1260,SYNDICATE AUTO COMPONENTS,15,15,6,22,28,26,12,19,29,9,20,26,227
1261,TADANO LIMITED,0,1,0,0,1,0,0,2,1,0,0,0,5
1262,TAFE LIMITED,"6,318","6,233","7,959","5,985","7,544","8,077","7,798","7,488","7,070","8,165","9,119","7,879","89,635"
1263,TAO POWER PRIVATE LIMITED,1,0,1,0,0,0,0,0,3,1,0,0,6
1264,TARLE CONSTRUCTION EQUIPMENTS PVT LTD,0,0,0,0,0,0,0,0,1,0,0,1,2
1265,TATA ADVANCED SYSTEMS LTD,0,6,0,17,40,33,11,16,53,15,22,42,255
1266,TATA HITACHI CONSTRUCTION MACHINERY COMP. PVT LTD,69,67,79,88,58,71,78,66,72,64,99,87,898
1267,TATA HITACHI MACHINERY CONSTRUCTION LIMITED,5,2,8,8,5,6,7,1,1,6,9,8,66
1268,TATA INTERNATIONAL VEHICLE APPLICATIONS PVT LTD,0,1,0,0,0,1,0,4,0,0,0,0,6
1269,TATA MOTORS LTD,"59,061","35,748","38,437","36,634","30,245","30,221","29,376","29,892","30,792","29,381","32,690","28,353","4,10,830"
1270,TATA MOTORS PASSENGER VEHICLES LTD,"8,050","28,458","35,793","36,865","36,330","37,879","37,254","39,372","37,702","49,914","40,728","36,625","4,24,970"
1271,TAURUS ELECTRIC VEHICLES,17,16,10,6,26,20,41,11,19,35,19,14,234
1272,TEJASGREEN AUTOMOTIVE PVT LTD,0,1,0,6,5,7,9,6,4,1,3,0,42
1273,TELCO LTD,1,3,0,0,0,0,1,0,1,1,1,0,8
1274,TELSA INC,1,0,1,0,1,0,0,0,0,0,0,0,3
1275,TEREX CORPORATION,1,1,0,1,0,0,1,0,1,0,0,0,5
1276,TEREX EQUIPMENT PVT LTD,0,2,0,0,0,0,0,0,0,0,0,1,3
1277,TEREX INDIA PRIVATE LIMITED,0,0,1,0,0,0,0,0,4,4,6,1,16
1278,TERRA MOTORS INDIA PVT LTD,526,521,574,518,605,598,642,721,849,741,809,812,"7,916"
1279,THE COMMERCIAL MOTORS LIMITED,10,9,4,4,12,16,5,3,7,1,6,2,79
1280,THUKRAL ELECTRIC BIKES PVT LTD,452,365,541,382,414,454,535,477,651,572,594,480,"5,917"
1281,TI CLEAN MOBILITY PVT LTD,0,0,0,0,0,0,0,0,0,0,0,1,1
1282,TII INDIA PVT LTD,4,7,2,12,1,6,5,9,8,4,9,8,75
1283,TIL LIMITED,1,0,2,0,0,0,0,1,0,1,0,2,7
1284,TIL LTD,0,0,2,0,1,0,1,0,0,1,0,0,5
1285,TIRTH AGRO TECHNOLOGY PVT LTD,0,7,24,9,2,6,5,3,4,18,46,68,192
1286,TIRTH AGRO TECH.PVT.LTD,3,0,0,0,2,0,0,0,0,1,0,0,6
1287,TIRTH HYGIENE TECHNOLOGY PVT LTD,1,0,0,0,2,0,0,0,3,0,2,5,13
1288,TIRUPATI AGRO INDUSTRIES,5,5,2,2,4,3,0,1,0,0,0,0,22
1289,TITAGARH AGRICO (P) LTD,0,0,0,5,0,0,0,1,0,0,0,0,6
1290,TOGOR ENGINEERING WORKS,0,0,0,0,0,0,0,0,1,0,0,0,1
1291,TOP TEAM MACHINES PVT LTD,76,74,124,78,100,122,121,156,166,109,148,108,"1,382"
1292,TORK MOTORS PVT LTD,0,0,0,4,0,0,36,60,48,80,33,58,319
1293,TOYOTA KIRLOSKAR MOTOR PVT LTD,"11,334","8,011","11,197","13,576","12,109","12,829","13,278","15,755","13,606","14,178","12,746","10,465","1,49,084"
1294,TOYOTA MATERIAL HANDLING INDIA PVT LTD,7,10,30,20,1,9,15,7,8,13,11,5,136
1295,TPS INFRASTRUCTURE LTD,0,0,1,0,5,3,0,1,1,1,1,2,15
1296,TRACLAXX TRACTORS PVT LTD,5,2,1,8,3,12,2,0,1,0,20,32,86
1297,TRACLAXX TRACTORS PVT.LTD,0,1,0,0,0,0,0,0,0,0,0,0,1
1298,TRACTOR VANDANA GREEN,1,2,1,1,0,1,2,0,1,0,1,0,10
1299,TRANS MECH SYSTEMS,4,0,2,0,0,0,0,2,0,0,0,0,8
1300,TRANSPORT ENGINEERING SOLUTIONS INDIA PVT LTD,18,0,0,0,25,0,25,34,12,0,0,10,124
1301,TRATEC ENGINEERS PVT LTD,0,5,4,2,3,4,0,7,0,12,9,9,55
1302,TRIMURTI AGRO INDUSTRIES,0,0,2,0,1,0,0,1,0,0,4,1,9
1303,TRIMURTI INDUSTRIES,9,0,0,0,0,0,1,3,0,0,0,0,13
1304,TRIMURTI TRAILER,1,2,0,1,0,0,0,0,0,0,0,0,4
1305,TRINITY ELECTRIC VEHICLES PVT LTD,0,0,1,2,0,4,1,1,0,0,0,0,9
1306,TRISHIKA INDUSTRIES,79,74,106,101,83,99,100,210,146,130,110,117,"1,355"
1307,TRISHUL TRACTORS PVT. LTD.,0,0,0,1,0,0,1,0,1,4,0,0,7
1308,TRIUMPH MOTORCYCLES (INDIA) PVT LTD,99,78,126,67,85,78,95,88,65,95,81,57,"1,014"
1309,TSM ENGINEERING PVT LTD,0,0,1,1,0,1,0,0,0,0,0,12,15
1310,TSR TRADE COM,1,0,7,0,0,0,1,1,2,2,6,9,29
1311,TUFAN MOTORS PVT LTD,26,18,26,43,31,36,40,22,49,35,30,35,391
1312,T U K INDUSTRIES,61,55,76,86,77,115,115,115,151,111,137,141,"1,240"
1313,TULJABHAWANI AGRO INDUSTRIES,0,0,4,0,2,2,0,0,1,1,1,0,11
1314,TULSI TRAILER,1,0,2,1,0,3,2,0,0,1,2,0,12
1315,TUNWAL E MOTORS PVT LTD,0,0,0,3,12,5,7,1,2,12,6,10,58
1316,TVS MOTOR COMPANY LTD,"1,82,541","1,71,890","1,99,821","1,98,280","1,87,588","1,81,089","1,82,604","1,95,919","1,80,181","2,67,312","2,73,318","1,77,925","23,98,468"
1317,TWASHTRE AUTOMOTIVE PVT LTD,0,0,0,0,0,0,1,1,0,0,2,2,6
1318,TWINKLE TRADCOM PVT LTD,31,42,31,39,26,25,53,19,64,44,38,64,476
1319,TWO FRIENDS AUTO ELECTRIC PVT LTD,144,159,160,166,242,183,232,275,303,323,263,274,"2,724"
1320,TYST DRIVE INDIA PVT LTD,2,7,3,1,2,4,7,6,3,3,1,2,41
1321,UMA  AUTO INDUSTRIES PVT. LTD,7,0,2,0,0,0,0,0,16,2,5,2,34
1322,UMA MOTORS,11,29,19,24,22,7,14,12,22,11,8,12,191
1323,UNIPAVE ENGINEERING PRODUCTS,0,1,0,0,1,0,0,0,0,2,0,1,5
1324,UNIQUE ENTERPRISES,92,76,119,81,79,188,141,180,124,218,170,203,"1,671"
1325,UNIQUE INTERNATIONAL,679,601,770,710,783,"1,055",878,995,"1,040",837,"1,088",815,"10,251"
1326,UNITED KINGDOM GROVE,1,4,1,0,2,0,0,1,3,0,0,0,12
1327,UNITED TRANSMOVERS PVT LTD,7,8,16,30,17,37,43,23,46,22,36,36,321
1328,UNITER ENGINEERING PRODUCTS,0,0,0,0,1,0,0,0,0,0,0,0,1
1329,U P TELELINKS LIMITED,0,0,0,0,0,0,0,0,0,0,15,0,15
1330,U.P. TELELINKS LIMITED,56,66,83,141,103,135,187,191,296,176,300,245,"1,979"
1331,URAL INDIA LTD.,0,1,0,0,0,0,0,0,0,0,0,0,1
1332,URWASHI ENTERPRISES,0,5,9,5,4,11,40,20,15,28,9,10,156
1333,UTKAL INDUSTRIES,1,3,1,4,3,2,1,0,1,0,0,0,16
1334,UTTAM CONSTRUCTION EQUIPMENTS,9,6,7,8,7,5,4,5,11,8,7,7,84
1335,VAHAK FUTURE SOLUTIONS LLP,0,1,0,3,3,2,0,2,2,0,1,3,17
1336,VANDANA TRAILORS AND BODY MFG PVT LTD,0,0,0,0,4,0,0,0,0,1,0,0,5
1337,VANI ELECTRIC VEHICLES PVT LTD,349,348,535,460,476,408,482,572,620,475,703,541,"5,969"
1338,VARUN INDUSTRIES,0,1,0,0,0,0,0,1,0,0,0,0,2
1339,VASHAN AGRICULTURE WORKS,1,2,7,1,2,2,1,1,3,0,0,2,22
1340,VEANCO AUTOMOTIVES PVT LTD,1,0,0,0,0,0,0,0,5,0,0,0,6
1341,VE COMMERCIAL VEHICLES LTD,"4,699","4,159","4,858","5,797","4,856","4,868","4,771","4,631","5,004","5,373","5,698","4,464","59,178"
1342,VE COMMERCIAL VEHICLES LTD (VOLVO BUSES DIVISION),1,11,14,10,2,1,5,5,4,15,21,16,105
1343,VECTRA ADVANCED ENGINEERING (P) LTD,0,0,4,2,0,2,0,0,0,0,0,1,9
1344,VEECTERO E VEHICLES LLP,4,1,8,8,4,7,17,16,14,7,37,9,132
1345,VEERBHADRA ENGINEERING WORKS,0,0,0,0,0,0,0,0,0,1,2,0,3
1346,VEHICLE FACTORY JABALPUR,0,10,8,19,0,16,0,0,7,14,0,1,75
1347,VENKATESHWARA ENGINEERING WORK,0,0,0,0,4,2,0,0,0,2,9,0,17
1348,VENKATESHWAR AGRO INDUSTRIES,2,1,1,0,0,1,0,1,1,0,0,2,9
1349,VENUS AUTO WHEELS PVT LTD,31,31,32,40,37,38,29,28,28,36,32,36,398
1350,VENUS EQUIPMENT,2,3,4,3,8,11,3,4,1,6,3,5,53
1351,VERT EQUIPMENT PVT LTD,0,0,0,0,0,0,0,3,1,1,3,0,8
1352,VICTORIA E VEHICLES PVT. LTD,0,0,0,0,0,0,0,0,0,1,1,8,10
1353,VICTORY ELECTRIC INTERNATIONAL,127,96,144,110,171,195,190,250,235,176,262,192,"2,148"
1354,VIDARBHA TRAILERS,0,1,0,0,0,0,0,3,2,0,0,0,6
1355,VIJAYA ELECTRIC AUTO PVT LTD,4,3,28,14,19,12,4,26,10,15,27,31,193
1356,VIJAY AGRICULTURAL INDUSTRIES,0,1,0,1,0,0,0,0,0,0,0,0,2
1357,VIJAYA INDUSTRIES,0,0,0,0,12,15,13,10,0,4,8,4,66
1358,VIJAYALAKSHIMI ENGG WORKS,4,2,3,0,0,1,2,0,0,2,0,0,14
1359,VIJAYALAKSHMI INDUSTRIES,0,0,1,0,0,0,1,1,0,1,0,0,4
1360,VIJAY ENGINEERING WORKS,17,12,5,18,16,10,11,15,5,2,2,1,114
1361,VIJAYS ENERGY INDUSTRIES (INDIA) PVT LTD,37,41,98,80,110,65,101,145,154,151,250,123,"1,355"
1362,VIJAYSHREE AUTOCOM LIMITED,10,11,18,10,9,25,28,39,26,22,25,25,248
1363,VIKAS AGRO INDUSTRIES,0,0,0,1,2,0,0,0,0,1,0,0,4
1364,VIKRANT ENGINEERING,12,8,6,12,4,13,9,5,9,4,6,11,99
1365,VIMAL UNIVERSAL TRADE PVT LTD,8,1,22,21,28,26,33,42,65,60,56,45,407
1366,VINA ENGINEERING WORKS,6,6,7,0,2,0,2,0,0,1,0,0,24
1367,VINCI INDUSTRIAL CORPORATION,0,1,1,0,3,1,1,0,0,0,0,2,9
1368,VINTAGE VEHICLES,71,22,88,2,91,106,95,78,24,6,11,7,601
1369,VISHALA E-VEHICLES INDUSTRIES PRIVATE LIMITED,0,0,0,0,1,0,0,0,1,0,0,0,2
1370,VISHAL AGRICULTURAL WORKS,1,3,7,2,1,0,2,5,1,0,0,1,23
1371,VISHAL ENTERPRISES,6,7,4,0,3,2,13,4,11,87,2,1,140
1372,VISHAVKARMA AGRO INDUSTRIES,0,1,0,0,0,0,0,0,0,0,1,0,2
1373,VISHAVKARMA ENGINEERING WORKS,2,20,38,14,15,2,2,3,11,12,11,19,149
1374,VISHVAS TRACTORS LTD.,0,0,0,1,1,1,0,0,0,0,0,0,3
1375,VISHWAKARMA AGRICULTURE UDHYOG,2,8,20,6,10,4,5,2,8,2,10,9,86
1376,VISHWAKARMA GNG INDUSTRY,0,0,0,1,0,1,0,1,0,0,1,2,6
1377,VISHWARUP ENTERPRISE,0,0,0,0,0,0,0,0,1,0,1,0,2
1378,VISHWAS EQUIPMENT,0,0,0,0,0,0,0,1,0,0,0,0,1
1379,VISWAKARMA AGRO INDUSTRIES,1,0,1,1,0,1,0,1,0,0,0,1,6
1380,"VISWANATH INDUSTRIES,BBSR",3,4,3,2,8,5,4,2,3,4,2,6,46
1381,VITAN JAGADA AUTOMOBILE PVT LTD,0,0,0,0,0,0,0,0,0,0,0,2,2
1382,VMT INDUSTRIES PVT LTD,2,18,12,12,14,16,12,12,19,16,12,11,156
1383,VOLKSWAGEN AG,11,6,6,1,4,2,1,1,0,0,0,0,32
1384,VOLKSWAGEN INDIA PVT LTD,42,36,55,57,54,29,38,27,1,1,2,3,345
1385,VOLTAS LIMITED,7,6,1,7,0,5,0,11,0,0,0,0,37
1386,VOLVO AUTO INDIA PVT LTD,146,106,144,130,130,115,115,116,123,154,167,160,"1,606"
1387,VOLVO CE INDIA PRIVATE LIMITED,17,43,55,29,36,48,53,34,61,29,46,50,501
1388,"""VOLVO GROUP INDIA PVT LTD""",66,46,118,110,90,116,102,95,76,60,53,91,"1,023"
1389,VOLVO TRUCKS CORPORATION,0,0,0,0,0,0,0,1,0,0,1,0,2
1390,VRINDA ENTERPRISES,1,4,2,2,13,44,68,66,63,54,91,38,446
1391,V R WELDING WORKS,0,0,0,1,0,0,0,0,0,0,0,0,1
1392,VSL INDUSTRIES,3,0,1,0,0,1,0,0,1,1,0,0,7
1393,V S TRAILERS,1,0,1,0,0,1,0,0,0,0,0,0,3
1394,V.S.T. TILLERS TRACTORS LIMITED,414,419,570,358,364,342,377,382,539,523,492,461,"5,241"
1395,VST TILLER TRACTOR LTD,0,0,0,0,0,0,0,1,0,0,0,0,1
1396,V.T. ENGINEERING,6,3,1,8,10,7,9,6,3,0,1,5,59
1397,V.V.A.AUTO INDUSTRIES PVT.LTD,1,6,10,2,6,5,9,8,10,3,6,6,72
1398,WAKEN MULTITECH PVT LTD,0,0,0,0,0,0,0,0,1,0,0,0,1
1399,WARDWIZARD INNOVATIONS & MOBILITY LIMITED,0,0,0,0,0,0,8,13,42,62,94,95,314
1400,WASAN E-MOBILITY SOLUTIONS PVT LTD,0,0,0,0,0,0,0,1,1,1,6,4,13
1401,WASIM MEERA ENGG WORKS,1,9,16,6,14,13,2,3,7,0,1,3,75
1402,WELKIN HEALTHCARE PVT LTD,0,0,35,30,5,8,3,4,2,2,25,0,114
1403,WHITE CARBON MOTORS PVT LTD,18,7,5,6,5,4,5,8,5,4,6,9,82
1404,WILLYS INDIA LTD,0,3,0,1,0,0,0,0,1,0,0,1,6
1405,WIRTGEN INDIA PVT LTD,19,21,44,42,42,38,17,19,20,17,17,44,340
1406,WISENT INFRATECH LLP,0,0,0,1,3,3,0,1,2,0,2,4,16
1407,WOX COOLERS PVT LTD,0,0,0,0,0,0,0,0,0,1,0,0,1
1408,WUXI DONGMA (IMPORTER: DYNAM PRECISION),0,0,0,2,0,0,2,0,0,2,0,0,6
1409,WUXI JIYAYI (IMPORTER: IZANAU ELECTRIC LLP),0,0,0,0,0,0,0,0,0,0,1,1,2
1410,WUXI SAIGE ELECTRIC (IMPORTER: DELTA AUTOCORP LLP),0,0,0,0,0,0,0,0,2,0,1,1,4
1411,WUXI SAIGE ELECTRIC (IMPORTER: GLORIOUS DIGITAL),0,0,0,0,0,0,0,0,0,0,1,5,6
1412,WUXI SAIGE (IMPORTER: E-VISHWA ELECTOBIKE),0,0,0,0,0,0,0,0,0,0,2,10,12
1413,WUXI SAIGE (IMPORTER: WARIVO MOTOR),0,0,0,0,0,0,0,0,0,0,2,1,3
1414,WUXI TENGHUI (IMPORTER: SEEKA E MOTORS),0,0,0,0,0,0,0,0,0,0,1,14,15
1415,XCMG CONSTRUCTION MACHINERY CO. LTD.,1,1,1,0,0,2,0,0,0,0,0,1,6
1416,"XUZHOU CONSTRUCTION MACHINERY GROUP CO. LTD, CHINA",1,2,3,8,5,5,8,9,11,11,26,2,91
1417,XXPLORE AUTOMATIVE PVT LTD,0,0,0,0,0,0,0,0,0,0,5,7,12
1418,XXPLORE AUTOMOTIVE PVT. LIMITED,0,0,1,3,3,2,1,1,0,1,3,0,15
1419,XYZ1,0,0,3,0,0,3,3,10,6,4,12,16,57
1420,XYZ2,0,0,0,0,0,0,1,3,0,1,1,1,7
1421,YAARI AUTOMOBILES PVT LTD,0,0,0,0,0,0,1,0,0,0,0,0,1
1422,YAGYAPRIYAA CONSTRUCTION EQUIPMENT INDIA PVT LTD,0,0,0,0,0,0,0,0,0,3,0,1,4
1423,YANGGUANG LINGMU (IMPORTER: DAWNGATE BUSINESS),0,0,1,3,2,2,1,3,4,3,5,1,25
1424,YANGGUANG LINGMU (IMPORTER: DURGA FILTERS),0,0,0,0,0,0,0,0,0,1,0,0,1
1425,YANGGUANG LINGMU (IMPORTER: REMARK ELECTRIC),0,0,0,0,0,0,0,0,0,1,9,3,13
1426,YANMAR CONST EQUIP CO,0,0,1,0,0,0,0,0,0,0,0,0,1
1427,YASH AGRO ENGINEERING WORKS,0,3,4,0,0,0,1,2,1,1,0,1,13
1428,YC ELECTRIC VEHICLE,"1,813","1,971","2,624","2,023","2,208","2,574","2,704","2,070","2,885","3,327","3,307","2,629","30,135"
1429,YC ELECTRIC VEHICLE PVT LTD,9,12,17,17,15,9,10,6,4,10,9,10,128
1430,YESH TRAILER,1,0,0,0,0,0,0,0,0,0,0,0,1
1431,YUVRAJ AGRICULTURE WORKS,0,0,0,0,0,1,0,0,0,0,0,0,1
1432,YUVRAJ INTERNATIONAL,0,0,0,1,1,0,0,0,2,0,1,0,5
1433,ZAP (HK) (IMPORTER: IZANAU ELECTRIC),0,0,0,0,3,3,5,3,5,6,6,4,35
1434,ZENIAK INNOVATION INDIA LTD,109,102,178,99,144,130,143,99,136,97,179,146,"1,562"
1435,ZENTHIUM EV PVT LTD,12,10,13,1,12,9,24,11,18,35,51,28,224
1436,ZEOPLUS AXIS INDIA PVT. LTD.,0,0,0,4,0,0,19,51,54,55,104,99,386
1437,ZERO 21 RENEWABLE ENERGY SOLUTIONS PVT LTD,0,0,0,0,0,0,0,0,1,1,1,0,3
1438,ZESAR MOTORS PVT LTD,1,0,4,2,15,0,1,0,0,0,0,0,23
1439,ZHEJIANG CFMOTO (IMPORTER: ADISHWAR AUTO),0,0,0,0,0,0,0,0,0,1,4,5,10
1440,ZHEJIANG CHANGLING (IMPORTER: ADISHWAR AUTO),0,0,0,0,0,0,0,0,6,37,32,15,90
1441,ZHEJIANG LANGXIANG (IMPORTER: ROUTE AUTO ELECTRIC),0,0,0,0,0,1,0,0,0,0,0,0,1
1442,ZHEJIANG LUYUAN (IMPORTER: DYNAM EV TECH),0,0,0,3,0,4,5,1,0,3,4,2,22
1443,ZHEJIANG MORNI (IMPORTER: ADISHWAR AUTO),0,0,0,0,0,0,0,0,0,0,2,6,8
1444,ZOHAN TRADERS AND BIG METRO,0,0,0,0,0,0,0,0,0,0,0,5,5
1445,ZOOMLION INDIA PVT LTD,28,11,18,10,16,9,12,6,10,8,9,9,146
